:020000040800F2
:1000000000000220E1050008DD0500087531000848
:10001000DD050008DD050008DD0500080000000022
:10002000000000000000000000000000DD050008E6
:10003000DD05000800000000DD050008F9300008BB
:10004000DD050008DD050008DD050008DD05000808
:10005000DD050008DD050008DD050008DD050008F8
:10006000DD050008DD050008DD050008012D00089C
:100070000D2D0008DD050008192D0008252D0008AC
:10008000CDC6000831220008DD050008DD050008A6
:10009000DD050008DD050008DD050008DD050008B8
:1000A000DD050008DD050008DD050008DD050008A8
:1000B000F9BA000805BB000811BB0008652200085A
:1000C000DD05000871220008DD05000869B300089D
:1000D00075B3000801C500082DC5000861C50008FA
:1000E000DD050008DD05000800000000DD05000852
:1000F000DD050008DD050008DD050008DD05000858
:10010000DD050008DD0500081DBB000881B30008FF
:1001100095C50008C9C50008DD050008DD05000813
:10012000DD050008DD050008A5B30008D9B3000807
:1001300001C70008DD050008DD050008DD05000831
:1001400000000000000000000000000000000000AF
:10015000DD050008DD050008DD050008FDC5000817
:100160007D220008DD050008093100082D31000856
:10017000DD05000851310008DD050008DD05000837
:10018000DD050008DD05000831C6000865C6000869
:100190008DB3000899B30008DD050008DD050008EF
:1001A000DD050008DD050008DD050008DD050008A7
:1001B000212A0008DD050008DD050008DD0500082E
:1001C000DD050008DD050008DD050008DD05000887
:1001D000DD050008DD050008DD050008DD05000877
:1001E000DD050008DD050008DD050008DD05000867
:1001F000DD050008DD050008DD050008DD05000857
:10020000DD050008DD050008DD050008DD05000846
:10021000DD050008DD050008DD050008DD05000836
:10022000DD050008DD050008DD0500080000000010
:10023000DD050008DD05000800000000DD05000800
:10024000DD050008DD050008DD050008DD05000806
:10025000DD050008DD050008DD050008DD050008F6
:10026000DD050008DD050008DD050008DD050008E6
:10027000DD050008DD05000899C600080000000043
:10028000DD050008DD050008DD05000800000000B0
:0802900000000000DD0500087C
:1002980010B5054C237833B9044B13B10448AFF3B8
:1002A80000800123237010BD80030024000000009B
:1002B80048F8000808B5034B1BB103490348AFF3DE
:1002C800008008BD000000008403002448F80008EE
:1002D80053B94AB9002908BF00281CBF4FF0FF31A5
:1002E8004FF0FF3000F074B9ADF1080C6DE904CEA1
:1002F80000F006F8DDF804E0DDE9022304B07047F9
:100308002DE9F047089D04468E46002B4DD18A42C0
:10031800944669D9B2FA82F252B101FA02F3C2F1F3
:10032800200120FA01F10CFA02FC41EA030E944084
:100338004FEA1C48210CBEFBF8F61FFA8CF708FBA5
:1003480016E341EA034306FB07F199420AD91CEB7D
:10035800030306F1FF3080F01F81994240F21C81AF
:10036800023E63445B1AA4B2B3FBF8F008FB1033F7
:1003780044EA034400FB07F7A7420AD91CEB04042C
:1003880000F1FF3380F00A81A74240F207816444FC
:10039800023840EA0640E41B00261DB1D440002381
:1003A800C5E900433146BDE8F0878B4209D9002DE5
:1003B80000F0EF800026C5E9000130463146BDE86F
:1003C800F087B3FA83F6002E4AD18B4202D38242D9
:1003D80000F2F980841A61EB030301209E46002D88
:1003E800E0D0C5E9004EDDE702B9FFDEB2FA82F2DD
:1003F800002A40F09280A1EB0C014FEA1C471FFA3B
:100408008CFE0126200CB1FBF7F307FB131140EA21
:1004180001410EFB03F0884208D91CEB010103F1EE
:10042800FF3802D2884200F2CB804346091AA4B2B0
:10043800B1FBF7F007FB101144EA01440EFB00FE84
:10044800A64508D91CEB040400F1FF3102D2A645E9
:1004580000F2BB800846A4EB0E0440EA03409CE788
:10046800C6F12007B34022FA07FC4CEA030C20FA35
:1004780007F401FA06F31C43F9404FEA1C4900FA55
:1004880006F3B1FBF9F8200C1FFA8CFE09FB1811D2
:1004980040EA014108FB0EF0884202FA06F20BD945
:1004A8001CEB010108F1FF3A80F08880884240F295
:1004B8008580A8F102086144091AA4B2B1FBF9F0D9
:1004C80009FB101144EA014100FB0EFE8E4508D9D4
:1004D8001CEB010100F1FF346CD28E456AD9023859
:1004E800614440EA0840A0FB0294A1EB0E01A1423E
:1004F800C846A64656D353D05DB1B3EB080261EBAC
:100508000E0101FA07F722FA06F3F1401F43C5E985
:10051800007100263146BDE8F087C2F12003D840BB
:100528000CFA02FC21FA03F3914001434FEA1C47FD
:100538001FFA8CFEB3FBF7F007FB10360B0C43EAEF
:10054800064300FB0EF69E4204FA02F408D91CEB9F
:10055800030300F1FF382FD29E422DD9023863449D
:100568009B1B89B2B3FBF7F607FB163341EA03413D
:1005780006FB0EF38B4208D91CEB010106F1FF388C
:1005880016D28B4214D9023E6144C91A46EA004683
:1005980038E72E46284605E70646E3E61846F8E615
:1005A8004B45A9D2B9EB020864EB0C0E0138A3E75E
:1005B8004646EAE7204694E74046D1E7D0467BE73F
:1005C800023B614432E7304609E76444023842E7B7
:1005D800704700BFFEE700BF0B480C4A904203D0AB
:1005E800121A0B490FF056F80A480B4A904203D0EA
:1005F800121A00210FF05CF803F00EF80FF026F83D
:1006080000F024F8FEE700BF000000247C0300246B
:1006180078F8000880030024B42E0024704700BF37
:100628009AB10368406803EB820C10B40C684968FF
:1006380053F8042B44F8042B634550F8042B41F875
:10064800042BF5D15DF8044B7047704708B50021BD
:10065800074800F019F90421054800F03DF8032186
:10066800034800F01DF80349014800F015F8FEE7BB
:100678009C0300242906000804480023044A05496D
:10068800036043610362C3630EF0CCBF9C03002484
:100698000000002425060008143001F065BA00BFE8
:1006A80038B500F1140504462DED028B284601F0FB
:1006B80017FA284601F010FA2846B0EE408A01F0F1
:1006C800F9F9D0ED007AF8EE677A88EE277ABDEC72
:1006D800028B84ED0E7A38BD38B500F11405044656
:1006E8002DED028B284601F0E9F9284601F0F4F9CE
:1006F8002846B0EE408A01F0DDF9D0ED007AF8EE38
:10070800677A88EE277ABDEC028B84ED0E7A38BDC5
:1007180010B540F203338EB000244FF60B7240F24E
:100728000341ADF8083009A80123ADF81020ADF851
:1007380024202246ADF80C100094029907940C94DA
:10074800CDE90544CDE90A4401F042FA04A80123A1
:1007580022460399009401F03BFA09A801F01EFB18
:1007680010B901200EB010BD04A801F017FBA0427B
:100778000CBF022020460EB010BD00BF2DE9F0418D
:1007880003239AB0012700240646CDE914373B4BD2
:10079800CDE9104340F20453CDE91647ADF848308F
:1007A800FFF7B6FFB842054625D0022845D040F6E7
:1007B8000132334B0DF12C081894ADF82C200B980E
:1007C8001997CDF84A3000F0E3F810A906F13C007B
:1007D80002F01EFB302003224FF07E5341460D935A
:1007E8000E93CDE90B02F26B06F1140001F02AF921
:1007F8001AB0BDE8F0811023214A06A906908DF8A9
:1008080028300DF12C081F4BCDF84A20079302948D
:10081800CDE91804CDE9080402A801F031FD082348
:10082800029A03A94046ADF80C508DF80E40049585
:1008380005930B9400F0ECF8C7E700200121104B5A
:100848000DF12C083A460094CDF84A304FF60B7358
:100858000C94ADF82C302346CDE9180140F601314F
:100868004046ADF818100699CDE90D4401F0B0F9ED
:100878002146404601F09EFAA7E700BF040204049F
:10088800040604030704010B2DE9F04704462DED87
:10089800028B82B000294DD0012140F201120023C1
:1008A8000091ADF804208DF80630364A0127364B02
:1008B80004F10409354904F12908626040F2027222
:1008C800A36040F60663E16004F1250AA4F8252038
:1008D800A4F82930278284F8277084F82B7002F056
:1008E80051FE054602F0B4FC6946064650BB4DB3BE
:1008F80004F130008DF8067002F0CCFD072D3CD1D4
:1009080004F114052046FFF739FF284601F0E4F802
:100918002846B0EE408A01F0CDF8D0ED007AF8EE26
:10092800677A88EE277A84ED0E7A02B0BDEC028BE6
:10093800BDE8F08740F2011300918DF80610ADF87C
:100948000430B2E704F1300002F0A4FD072D11D005
:100958004946204601F0DCFE0EB9002DD0D15046A4
:1009680001F032FA404601F02FFA04F1120000F0CB
:1009780079F9C5E7002EF2D1C2E74946204601F0D1
:10098800C7FEBDE70508050905070506050A0606A9
:1009980010B584B003460124ADF8040003A8ADF8EF
:1009A8000C30ADF80E4001F00FFA214603A801F013
:1009B800E7FA204602F04AFC002103A801F0E0FA19
:1009C800204602F043FC214603A801F0D9FA04B0FE
:1009D80010BD00BF10B5C2F3002384B00C46017CE3
:1009E8008DF80D2043EA4402FA2402238DF80C20E6
:1009F80003AA009401F0DAFC18B10124204604B0DF
:100A080010BD04460A2002F021FC204604B010BDA7
:100A1800034670B543F8042B044684B007C983E83D
:100A28000700A37983B91A210B461E22FA252374DD
:100A38002046ADF80C20022303AA009501F0B6FC6D
:100A480028B1012004B070BD1B210B46EDE70A2038
:100A580002F0FCFB4FF4B85200950223ADF80C20CD
:100A6800204603AA217C01F0A1FC0028E9D10A2034
:100A780002F0ECFB41F2027200950223ADF80C2063
:100A8800204603AA217C01F091FC0028D9D10A2034
:100A980002F0DCFB042200950223ADF80C2020466E
:100AA80003AA217C01F082FC0028CAD10A2002F0A6
:100AB800CDFB062200950223ADF80C20204603AAA0
:100AC800217C01F073FC0028BBD10A2002F0BEFB98
:100AD80041F2082200950223ADF80C20204603AA13
:100AE800217C01F063FC0028ABD10A20064602F005
:100AF800ADFB0095022303AA217C2046ADF80C60CB
:100B080001F054FC00289CD1304602F09FFB009570
:100B180022790C232046002A8DF80C3003AA4FF0C6
:100B2800020314BF622142218DF80D10217C01F0CF
:100B38003DFC002885D1304602F088FB2279D4E9B3
:100B480002310B43DBB20AB943F0400362790AB1C0
:100B580043F020030E22FA258DF80D30204600952B
:100B680002238DF80C2003AA217C01F01FFC002829
:100B78007FF467AF0A2002F069FB10220095022378
:100B8800ADF80C20204603AA217C01F00FFC0028B8
:100B98007FF457AF0A2002F059FB12210095022377
:100BA800ADF80C1003AA217C204601F0FFFB0028B9
:100BB8007FF447AF0A2002F049FB012209212046B1
:100BC800FFF708FF003818BF01203BE7F0B51023F6
:100BD80087B0234C012200250126002702A92046C0
:100BE8000195CDE902234FF48052CDE9046708F05E
:100BF800A1FC642002F06CFF02A94FF48052204649
:100C0800CDE9046702261027CDE9026708F092FCB7
:100C18000322102302A92046CDE90223002304223F
:100C2800CDE904234FF4805208F084FC40F23223CB
:100C3800042202A9019310232046CDE90223019A38
:100C4800012305924FF48052049308F073FC40F698
:100C58000601204608F08EFC284607B0F0BD00BF0C
:100C6800E40300241C4B00221C494FF0400C30B513
:100C7800054689B00220596007219A601A6201244A
:100C8800DA620A224FF4006EDC6006922022CDE977
:100C9800000104200821CDE9020103201021CDE93B
:100CA800040108206946C3E904024FF4C072181D04
:100CB800C3E906C24FF48052C3E909E208F010FC08
:100CC80038B92846FFF782FF003818BF012009B05D
:100CD80030BD204609B030BDE00300244041005239
:100CE800614A0021D0B513688EB00A91002B40F0FC
:100CF800B9805E4B01214FF683700C2411600221EC
:100D0800D3F8D4200026032742F48052C3F8D42015
:100D1800D3F8D42002F480520092009AD3F8E0204D
:100D280042F01002C3F8E020D3F8E02002F01002ED
:100D38000192019AD3F8E02042F04002C3F8E02083
:100D4800D3F8E02002F040020292029AD3F8E020A1
:100D580042F00802C3F8E020D3F8E02002F00802CD
:100D68000392039AD3F8E02042F48072C3F8E0209B
:100D7800D3F8E02002F480720492049AD3F8E020B9
:100D880042F08002C3F8E020D3F8E02002F08002AD
:100D98000592059AD3F8E02042F02002C3F8E0203B
:100DA800D3F8E02002F020020692069AD3F8E02059
:100DB80042F00402C3F8E020D3F8E0300C9403F0CA
:100DC800040307930323079A0B93CDE9080108A9A5
:100DD800274803F023FF48F23712022308A92548C1
:100DE8000C94CDE90823CDE90A6703F017FF4CF20C
:100DF8000372022308A920480C94CDE90823CDE901
:100E08000A6703F00BFF40F2FF62022308A91B48A0
:100E18000C94CDE90823CDE90A6703F0FFFE4FF6ED
:100E28000C72022308A916480C94CDE90823CDE9D1
:100E38000A6703F0F3FE4FF63F02022308A91148A0
:100E48000C94CDE90823CDE90A6703F0E7FE2022D8
:100E5800022308A90A480C94CDE90A67CDE90823BA
:100E680003F0DCFE0EB0D0BDDC03002400440258C1
:100E78000010025800180258000C025800200258AE
:100E8800001C0258001402582DE9F04FDFF81084B6
:100E980006460D46144608F118002DED028B89B060
:100EA80000AF02F0ADF8D8F8183073B3D8F81C309A
:100EB800D8F80490002B43690BBF4FF0080A4FF095
:100EC800100A4FF0020B4FF0040BB9F1000F2AD0B3
:100ED800A200EA46012B02F1070222F00702ADEB5D
:100EE800020D6846ADEB020D694600F03F81022B0A
:100EF80000F0D680002B6FD02246C847D54624374D
:100F0800BD46BDEC028BBDE8F08FD8F81C30002B35
:100F1800F5D0D8F804904FF0080A4FF0020B436957
:100F2800B9F1000FD4D1FB61D8F80030BB61002BB8
:100F3800E5D0D54802F0D6F86B46BBF1020F7861D0
:100F480008EE103AFB6900F083816A465146A2EB2D
:100F5800C40295466200EA46B2FBFBF2AAEBC40063
:100F680085460AEB8200EE46F861ADEB010DF869A3
:100F78000EEB820CC7F810C0EC46ADEB010D00EB90
:100F88008201CCF80400CCF8081001EB8201386922
:100F9800E946CCF80C1000EB8201CCF800A001EB7C
:100FA8008202C9E900E0C9E90212012B00F064835A
:100FB800022B00F06C82002B00F080816208494609
:100FC8006046BB69984718EE103A24379D46BD46DF
:100FD800BDEC028BBDE8F08F002C8DD01A46D8ED01
:100FE8000C6A9FEDB27A8446331D36F922E00CF183
:100FF800080C07EE90EA33F922E00232F8EEE77ABD
:10100800944267EE877A67EEA67A4CED027A07EE8D
:1010180090EAF8EEE77A67EE877A67EEA67A4CED03
:10102800017AE2D8F9612246C847984ED8ED0D6A90
:101038000020F9692B1D9FED9E7A9FED9E6ADFEDDA
:101048009E5A22E0F4EEC67AF1EE10FAC0F2C88495
:1010580047F6FE72D1ED017A45F8202066EEA77AB0
:10106800F4EEC77AF1EE10FA40F2F080F4EEC67AA8
:10107800F1EE10FAC0F2D58447F6FE7243F820204C
:101088000230083184427FF639AFD1ED007A66EE3E
:10109800A77AF4EEC77AF1EE10FAD3D83246D9E738
:1010A800002C3FF429AFD8ED0C6A84469FED787A7E
:1010B8000022331D8E4656F822100CF1080C07EE5C
:1010C800901A53F822100232F8EEE77A944267EE4B
:1010D800877A67EEA67A4CED027A07EE901AF8EE58
:1010E800E77A67EE877A67EEA67A4CED017AE2D85E
:1010F80071462246C7F81CE0C847664ED8ED0D6A0F
:101108000020F9692B1D9FED6A7A9FED6A6ADFF866
:1011180094C120E0F4EEC67AF1EE10FAC0F27984B8
:101128003246D1ED017A45F8202066EEA77AF4EE32
:10113800C77AF1EE10FA40F28780F4EEC67AF1EE43
:1011480010FAC0F25E84324643F82020023008319B
:1011580084427FF6D3AED1ED007A66EEA77AF4EE3C
:10116800C77AF1EE10FAD5D86246DAE7002C3FF4D8
:10117800C3AED8ED0C6A86469FED477A4FF0000C57
:10118800331D56F82C200EF1080E82F40002A2F549
:10119800000207EE902A53F82C200CF1020CF8EE0E
:1011A800E77A82F400026445A2F5000267EE877AC6
:1011B80067EEA67A4EED027A07EE902AF8EEE77A05
:1011C80067EE877A67EEA67A4EED017AD9D8F9618B
:1011D8002246C847314ED8ED0D6A0020F9692B1D0B
:1011E8009FED337A9FED336ADFF8BCC01FE0F4EE61
:1011F800C67AF1EE10FAC0F2FC833246D1ED017ADC
:1012080045F8202066EEA77AF4EEC77AF1EE10FAD8
:1012180018D9F4EEC67AF1EE10FAC0F2DA83324643
:1012280043F820200230083184427FF667AED1EDC2
:10123800007A66EEA77AF4EEC77AF1EE10FAD6D8FD
:101248006246DBE76246EBE762467DE7324615E732
:10125800A100D6466208073121F00701ADEB010D68
:10126800EA46ADEB010D6946ADEB0E0D0AEB8200C7
:10127800EC46ADEB0E0D01EB8202F861E946CCE9D4
:1012880000A0C9E9001290E6340400240280FFFFA0
:10129800000000300082FF7F0000003482FF7F00E2
:1012A80018040024007E00807E0080FF00000038C3
:1012B80004FF7FBF04FF7F3F00FEFF46002C00F0C5
:1012C800C982BBF1020FD8F8242000F0FA827969AC
:1012D800C7F8049002EB810E5FED0C5A8A00DCF827
:1012E80008100EF104007A611A46DCF80C303B61F4
:1012F800331DD7F810903D61FD69C7E902CB8C46D4
:10130800834636F92210D8ED0C7A06EE101A33F916
:10131800221006EE901A3EF92210B8EEC66A07EEC1
:10132800101AF8EEE66A3BF92210B8EEC77A26EEF4
:10133800256A66EEA56A27EE257A26EE276A66EE06
:10134800A76A27EE277A07EE901A51080232F8EEBC
:10135800E77A0AEB8100944280ED006A05EB810090
:1013680067EEA57AC0ED006A0CEB810009EB8101FC
:1013780080ED007A98ED0C7A67EE877AC1ED007AF5
:10138800BFD8D7F804903D69D7E902CB6046620818
:10139800BB6949469847D8F82C307A69D8ED0D6A68
:1013A8001A441FED3D7A1FED3D6A2B1D904602F150
:1013B800040A5FED3F5A0022A84ED9E900EC51E03B
:1013C800F4EEC67AF1EE10FAC0F2C78247F6FE7064
:1013D80045F822000CEB0100D0ED007A66EEA77A02
:1013E800F4EEC77AF1EE10FA4BD9F4EEC67AF1EEC4
:1013F80010FAC0F2BA8247F6FE70BBF1020F43F84A
:1014080022002BD0D9F808000844D0ED007A66EE07
:10141800A77AF4EEC77AF1EE10FA36D9F4EEC67A66
:10142800F1EE10FAC0F2CD8247F6FE7048F82200BD
:10143800D9F80C000144D1ED007A66EEA77AF4EEF3
:10144800C77AF1EE10FA1ED9F4EEC67AF1EE10FA68
:10145800C0F2AF8247F6FE714AF822100232944277
:101468007FF6B1AD51080EEB81008900D0ED007A0E
:1014780066EEA77AF4EEC77AF1EE10FAA0D83046F5
:10148800A6E73046B9E73146E6E73046CEE7002C16
:1014980000F0E081BBF1020FD8F8243000F0E181C0
:1014A8007A69DCF8081003EB820EC7F80490930001
:1014B800DFED6B5A0EF1040000227B61DCF80C3082
:1014C8003B61331DD7F810903D61FD69C7E902CB38
:1014D8008C46834656F82210D8ED0C7A07EE101A7F
:1014E80053F82210B8EEC76A07EE101A5EF82210F9
:1014F800F8EEC76A07EE101A26EE256A5BF8221086
:10150800B8EEC77A66EEA56A26EE276A27EE257A30
:1015180066EEA76A27EE277A07EE901A510802327C
:10152800F8EEE77A0AEB8100944280ED006A05EB59
:10153800810067EEA57AC0ED006A0CEB810009EB2B
:10154800810180ED007A98ED0C7A67EE877AC1ED1B
:10155800007ABFD8D7F804903D69D7E902CB604636
:101568006208BB6949469847D8F82C307A69D8EDA3
:101578000D6A1A449FED3E7A9FED3E6A131D92460E
:10158800DFF8E4C00022FB612B1D364ED9E9008E3E
:101598004EE0F4EEC67AF1EE10FAC0F2FC81304665
:1015A80045F822000EEB0100D0ED007A66EEA77A2E
:1015B800F4EEC77AF1EE10FA49D9F4EEC67AF1EEF4
:1015C80010FAC0F2EF813046BBF1020F43F8220057
:1015D8002AD0D9F808000844D0ED007A66EEA77A38
:1015E800F4EEC77AF1EE10FA35D9F4EEC67AF1EED8
:1015F80010FAC0F2C98130464AF82200D9F80C0026
:101608000144D1ED007A66EEA77AF4EEC77AF1EEDE
:1016180010FA1ED9F4EEC67AF1EE10FAC0F2AD81D6
:101628003146F86940F82210023294427FF6CBAC7A
:10163800510808EB81008900D0ED007A66EEA77AA0
:10164800F4EEC77AF1EE10FAA3D86046A8E7604630
:10165800BAE76146E5E76046CEE700BF0280FFFFD4
:10166800000000300082FF7F007E00800000003410
:1016780004FF7FBF04FF7F3F002C00F0EB807A69F6
:101688000021D8F82430C7F8109003EB820ED7F861
:101698001C909300FD610EF104021FED0C6A7B6142
:1016A800331D154656F821204808D8ED0C6ABBF1C1
:1016B800020F82F40002A2F5000207EE902A53F806
:1016C800212082F40002B8EEE77AA2F5000227EEA4
:1016D800067A07EE902A0AEB8002F8EEE77A27EE00
:1016E800267A67EE867A82ED007A09EB80024FEA65
:1016F800800067EEA67AC2ED007A27D05EF8212036
:1017080082F40002A2F5000207EE902A55F8212083
:1017180082F40002B8EEE77AA2F5000227EE067A14
:1017280007EE902ADCF80820F8EEE77A024427EE64
:10173800267A67EE867A82ED007A98ED0C7ADCF8E4
:101748000C2067EE877A0244C2ED007A02318C429F
:10175800A8D8D7F8109060466208BB694946FD6969
:101768009847D8F82C307A69D8ED0D6A1A441FEDDD
:10177800407A1FED406A131D9246DFF8C4C200226A
:10178800FB612B1DAB4ED9E9008E4EE0F4EEC67A14
:10179800F1EE10FAC0F2C580304645F822000EEB93
:1017A8000100D0ED007A66EEA77AF4EEC77AF1EE82
:1017B80010FA49D9F4EEC67AF1EE10FAC0F2BF80F9
:1017C8003046BBF1020F43F822002AD0D9F80800AE
:1017D8000844D0ED007A66EEA77AF4EEC77AF1EE07
:1017E80010FA35D9F4EEC67AF1EE10FAC0F2AE80EE
:1017F80030464AF82200D9F80C000144D1ED007AAD
:1018080066EEA77AF4EEC77AF1EE10FA1ED9F4EE76
:10181800C67AF1EE10FAC0F28B803146F86940F8CA
:101828002210023294427FF6CEAB510808EB8100B9
:101838008900D0ED007A66EEA77AF4EEC77AF1EE69
:1018480010FAA3D86046A8E76046BAE76146E5E71C
:101858006046CEE7224649466046BB699847FFF78F
:10186800B2BBC7F810B0002298ED0C6A331DDFED4B
:10187800726AD7F81CB0786956F8221007EE901AE9
:1018880053F82210B8EEE77A07EE901A51080232A0
:10189800F8EEE77A27EE267A0AEB810E94420BEBF4
:1018A800810167EEA67A27EE067A67EE867A8EEDD4
:1018B800007AC1ED007ADFD88300D7F810B07B61D9
:1018C8004DE61A46C7F810B098ED0C6A331DDFEDE7
:1018D8005B6AD7F81CB0786936F9221007EE101A3F
:1018E80033F9221007EE901AB8EEC77A510802327F
:1018F800F8EEE77A27EE267A0AEB810E94420BEB94
:10190800810167EEA67A27EE067A67EE867A8EED73
:10191800007AC1ED007ADFD88300D7F810B07B6178
:1019280034E5F0EE675AFEEEE45A15EE900A34E715
:10193800F0EE675AFEEEE45A15EE901A6EE7F0EEF6
:10194800675AFEEEE45A15EE900A3AE7F0EE675A47
:10195800FEEEE45A15EE900A4BE767EEA57AFDEE27
:10196800E77A17EE900A00B232E567EEA57AFDEE47
:10197800E77A17EE900A00B23FE5F0EE675AFEEEFE
:10198800E05A15EE901A4CE6F0EE675AFEEEE05A71
:1019980015EE900A30E6F0EE675AFEEEE05A15EEC4
:1019A800900AFDE5F0EE675AFEEEE05A15EE900A51
:1019B8000AE667EEA57AFDEEE77A17EE901A09B205
:1019C8004AE567EEA57AFDEEE77A17EE900A00B2CF
:1019D8002CE5F0EE675AFEEEE45A15EE902A1FE465
:1019E80067EEA57AFDEEE77A17EE902A12B2FFF7B6
:1019F80031BBF0EE675AFEEEE45A15EE902AFFF777
:101A0800FDBBF0EE675AFEEEE05A15EE902AFFF79E
:101A18009BBBF0EE675AFEEEE05A15EE902AFFF7F0
:101A280080BB67EEA57AFDEEE77A17EE902A12B230
:101A3800FFF724BB82FF7F00000000300000003861
:101A48007E0080FF30B5184C154685B0046004F15F
:101A5800080EEC460FC98EE80F00D4ED047AF5EEB7
:101A6800C07A8CE80F00F1EE10FA1ADDB7EE006AC2
:101A780094ED057A27EE277AC6EE276A84ED0D7A6B
:101A8800C4ED0C6A6DB1204640F8185F01F0B8FA51
:101A9800064903690020064A2162A262E36005B094
:101AA80030BD012005B030BD1804002400200030EE
:101AB8000000003000680830704700BFB1F5807F33
:101AC80003680A4628BF4FF48072B1F5807F9A6098
:101AD80094BF0020012070470068183001F0F0BA68
:101AE80070B504688AB0A369E160CBB104F1180548
:101AF800284601F085FA8446EE46E668BCE80F0001
:101B0800AEE80F00BCE80F00AEE80F009CE8030049
:101B18008EE8030069462846049601F079F9F8B979
:101B2800E069D8B104F11C05284601F069FA844639
:101B3800EE46E468BCE80F00AEE80F00BCE80F0012
:101B4800AEE80F009CE803008EE8030069462846CB
:101B5800049401F05DF9003818BF01200AB070BD87
:101B680001200AB070BD00BF30B5046883B00D46CF
:101B7800E3694BB1A3680020E26A616A9B000090A8
:101B880004F11C0001F03EFAA3680748A26A9B0012
:101B9800216A009004F1180001F034FA0020C4E929
:101BA800005003B030BD00BF910E000810B4074BC1
:101BB8004FF07E5130240022032019619C60D860C8
:101BC8005DF8044B5961C3E90622704718040024E4
:101BD80010B592B0ADF804100180C9B2149C0B295D
:101BE800C460C0E901233FD090F801C0BCF10F0FD9
:101BF8003AD8022A3FD0032A02D0012A00D0002274
:101C08000E92012B02D0022B18BF0023022C0F9337
:101C18002CD0032C2AD0012C28D000230A29109379
:101C280027D85C4A02EB812202610A2914D8DFE82E
:101C380001F0A39587796B5D4F4133250600564B1C
:101C4800D3F8E01041F48061C3F8E010D3F8E03035
:101C580003F480630C930C9B01230DA9104603FA2F
:101C68000CF30D9302F0DAFF12B010BD0A2910949C
:101C7800D7D90022D8E711220E92C2E7464BD3F8F3
:101C8800E01041F40071C3F8E010D3F8E03003F439
:101C980000730B930B9BDFE73F4BD3F8E01041F445
:101CA8008071C3F8E010D3F8E03003F480730A932E
:101CB8000A9BD1E7384BD3F8E01041F08001C3F814
:101CC800E010D3F8E03003F080030993099BC3E7E1
:101CD800314BD3F8E01041F04001C3F8E010D3F8DD
:101CE800E03003F040030893089BB5E72A4BD3F88C
:101CF800E01041F02001C3F8E010D3F8E03003F021
:101D080020030793079BA7E7234BD3F8E01041F084
:101D18001001C3F8E010D3F8E03003F01003069385
:101D2800069B99E71C4BD3F8E01041F00801C3F873
:101D3800E010D3F8E03003F008030593059B8BE728
:101D4800154BD3F8E01041F00401C3F8E010D3F8C4
:101D5800E03003F004030493049B7DE70E4BD3F8B3
:101D6800E01041F00201C3F8E010D3F8E03003F0CE
:101D780002030393039B6FE7074BD3F8E01041F08E
:101D88000101C3F8E010D3F8E03003F00103029337
:101D9800029B61E7000002580044025808B501217F
:101DA80043780069994089B203F040F9003818BFB8
:101DB800012008BD01230A464178006903FA01F1B0
:101DC80089B203F039B900BF8378022B30B50446D5
:101DD8008FB037D0032B33D0012B31D000230A9397
:101DE800E378012B2AD0022B28D000230B93002361
:101DF80020460C9301F04AFD0546204601F04EFDB1
:101E080023780990082B13D8DFE803F01F324558D0
:101E18006B7E91A40500594BD3F8E02042F4807200
:101E2800C3F8E020D3F8E03003F480730893089BEC
:101E380009A9284602F0F2FE0FB030BD0B93D6E791
:101E48000A93CDE711230A93CAE74C4B09A9284600
:101E5800D3F8E02042F00102C3F8E020D3F8E030E4
:101E680003F001030093009B02F0D8FE0FB030BDD1
:101E7800424B09A92846D3F8E02042F00202C3F8F1
:101E8800E020D3F8E03003F002030193019B02F055
:101E9800C5FE0FB030BD394B09A92846D3F8E0205C
:101EA80042F00402C3F8E020D3F8E03003F0040362
:101EB8000293029B02F0B2FE0FB030BD2F4B09A96E
:101EC8002846D3F8E02042F00802C3F8E020D3F80F
:101ED800E03003F008030393039B02F09FFE0FB06A
:101EE80030BD264B09A92846D3F8E02042F010025D
:101EF800C3F8E020D3F8E03003F010030493049B08
:101F080002F08CFE0FB030BD1C4B09A92846D3F84F
:101F1800E02042F02002C3F8E020D3F8E03003F0DC
:101F280020030593059B02F079FE0FB030BD134BDB
:101F380009A92846D3F8E02042F04002C3F8E0207F
:101F4800D3F8E03003F040030693069B02F066FEE8
:101F58000FB030BD094B09A92846D3F8E02042F05C
:101F68008002C3F8E020D3F8E03003F08003079341
:101F7800079B02F053FE0FB030BD00BF004402586B
:101F880070B506460D4601F081FC0446304601F066
:101F980085FC2A1E0146204618BF0122BDE8704074
:101FA80003F04AB80023122270B586B0CDE90223A7
:101FB80004930368032B01D804230593061D841D8D
:101FC800304601F063FC0546304601F067FC0346E5
:101FD80001A92846019302F021FE204601F056FC93
:101FE800034620461C4601F059FC01A90346204639
:101FF800019302F013FE06B070BD00BF634A036888
:10200800934210B58CB028D0614A934258D0614AA7
:10201800934200F09480604A934201D00CB010BD06
:102028005E4C5F48D4F8E03043F00203C4F8E03077
:10203800D4F8E03003F002030A930A9BFFF7B2FFDB
:10204800D4F8F43043F08003C4F8F430D4F8F43012
:1020580003F080030B930B9BE0E7504C5148D4F8F6
:10206800E03043F00203C4F8E030D4F8E03003F085
:1020780002030193019BFFF795FFD4F8E830002293
:102088001F2043F400131146C4F8E830D4F8E830B0
:1020980003F400130293029BD4F8D83043F00103F1
:1020A800C4F8D830D4F8D83003F001030393039B65
:1020B80001F038FD1F200CB0BDE8104001F070BDE4
:1020C800364C3948D4F8E03043F08003C4F8E030A7
:1020D800D4F8E03003F080030493049BD4F8E03094
:1020E80043F00203C4F8E030D4F8E03003F0020310
:1020F8000593059BFFF756FFD4F8E830002221200E
:1021080043F480031146C4F8E830D4F8E83003F407
:1021180080030693069BD4F8D83043F00103C4F833
:10212800D830D4F8D83003F001030793079B01F0A7
:10213800F9FC21200CB0BDE8104001F031BD1B486E
:10214800FFF730FF154B00224820D3F8E84011462E
:1021580044F40004C3F8E840D3F8E84004F4000469
:102168000894089CD3F8D84044F00104C3F8D84038
:10217800D3F8D83003F001030993099B01F0D2FC8E
:1021880048200CB0BDE8104001F00ABD00540040E2
:1021980000580040005C0040001C005800440258F1
:1021A800DC060024540400242C0500240406002422
:1021B8002DE9F0431A4B87B000254FF010099E46D1
:1021C800EC46184BFF22E04667461A700EF11806D7
:1021D8000EF13004CDE90055CDE90255ADF8009077
:1021E800BCE80F00CDE90455AEE80F009CE80300F9
:1021F8000095ADF800908EE80300B8E80F000FC610
:102208009CE803000095ADF8009086E803000FCF26
:102218000FC49CE8030084E8030007B0BDE8F0831E
:10222800040000245004002410B5EFF3108472B6A3
:10223800084B1A78120602D504B962B610BD1B788D
:10224800D82205485BB202FB0300143002F094F96F
:10225800F2E700BF5004002454040024014803F0AE
:1022680083BD00BFE0040024014803F07DBD00BF2A
:10227800B8050024014803F077BD00BF900600248C
:102288002DE9F0430F68D8243F4D85B007FB04F4CF
:10229800032F05EB0403036040DCCB680E46012BDB
:1022A8003CD84DD04FF0D808B646DFF8FC9008FB74
:1022B8000758BEE80F00C446ACE80F00DEF800304F
:1022C8000DF1100ECCF80030D8F808C099E80F00CE
:1022D8000EE90F000EEB8703BCF1010F53F8103C19
:1022E800C8F88C3031D0BCF1020F42D0BCF1000FDD
:1022F80035D0317C8C34D823002201202C4403FBB8
:1023080007534900C3E92602C3F894102046C3E9DD
:102318002822C3E92A2203F019FB18B1012005B0CD
:10232800BDE8F0830146204603F02AFD0028F5D1D8
:102338000146204603F04EFD003818BF0120EEE7A5
:102348000B7C103B672BADD9E8E701F019F90F4B6F
:1023580098420CBF0E4B0F4BC8F89030C9E701F0FC
:102368000FF90A4B98420CBF0B4B0C4BC8F8903036
:10237800BFE701F005F9054B98420CBF084B094B24
:10238800C8F89030B5E700BF54040024000E2707B2
:102398002D0FB0303211D0205F4390608A62E03058
:1023A800200BA0101A098010C8F600082DE9F0418A
:1023B800D0F8008082B00D4617461E4608F18C04FE
:1023C800204603F0D9FC2028FAD1D8F80C3073B98C
:1023D8006D002046089C33463A46A9B2009403F0A3
:1023E8000BFB003818BF012002B0BDE8F081089B44
:1023F80032463946204603F0D3FBF2E7044B10225D
:102408001A7483F8E82083F8C02183F8982270476B
:102418005404002430B5002395B04FF4807106228F
:1024280004460B9306921393CDE90C13CDE90E33B2
:10243800CDE9113301F0A6F807282BD004F11005D7
:1024480041F2883206A9284604F0D6FA28B10123B9
:10245800184684F85C3015B030BD0222022306A964
:102468002846CDE9002310220123CDE902230022CA
:102478004FF48003CDE9042305224FF080730692C0
:102488006A460F9341F2883304F022FC0028DED11B
:1024980015B030BD0323012084F85C3015B030BD81
:1024A80070B50023A4B04FF080724FF480750446D5
:1024B800ADF806300D93CDE910320122CDE90E5367
:1024C800CDE91223CDE91433002943D0F02300F1DC
:1024D800100508AEADF80630C02341F28832314607
:1024E8002846089304F088FA28B10123184684F88E
:1024F8005C3024B070BD41F288320DF106012846E7
:1025080004F0E4FA03460028EFD105224FF4807165
:102518001E93284616924FF080721B9321931F92A8
:1025280002AA9FED1F7BCDE91C13CDE922338DED67
:10253800027B9FED1D7B41F2883316A98DED047B4C
:102548009FED1B7B8DED067B04F0C2FB0028CCD1F0
:1025580024B070BD00F1100508AE612341F2883245
:1025680031462846089304F047FA0028BDD141F2C5
:1025780088320DF10601284604F026FB0028B4D164
:10258800BDF80630204623F0780343F04003ADF849
:102598000630FFF73FFF00289ED0A6E7AFF3008084
:1025A8000000000001000000100000000100000011
:1025B80000000000000040002DE9F04F00234FF418
:1025C800807501264FF0807804462DED028BABB064
:1025D8008DF8073013932193299314950E96CDF80F
:1025E8005C80CDE91533CDE91863CDE91A33CDE91F
:1025F8002253CDE92433CDE9273306231C9300F079
:10260800C1FF072808D004F1100741F288321CA93D
:10261800384604F0F1F940B10123184684F85C30DB
:102628002BB0BDEC028BBDE8F08F4FF0020A4FF0E3
:10263800020B4FF0050941F2883308AA1CA9384655
:10264800CDF89480CDF870909FED2D8BCDE908AB37
:102658004FF0000A4FF4800B8DED0A8BCDE90CABDF
:1026680004F036FB0028D7D141F2883238460EA94B
:1026780004F0C2F90028CFD1402341F288320DF18D
:10268800070138468DF8073004F020FA0028C3D136
:1026980041F288330EA902AA3846CDF83890CDF811
:1026A8005C809FED197B8DED048BCDE906AB8DED3C
:1026B800027B04F00DFB03460028ADD1CDF87090E5
:1026C8004FF00109CDF894804FF00008219308AA33
:1026D80029931CA938462295CDE92333CDE9273320
:1026E80041F288338DED0A8BCDE90CABCDE9088931
:1026F80004F0EEFA002893D0304684F85C608FE747
:102708001000000001000000400000004000000030
:102718002DE9F043624CA3B00D46046000F032FF8F
:10272800072800F0A980286823466968AA6807C3B3
:102738001E46AB8926F8043B3046257B677B04F0B0
:102748003DF9E0B9574B012D4FF00108E0612361D5
:1027580014BF4FF480134FF40003C4E9058893FABB
:10276800A3F3B3FA83F34FF48079013BC4F82490C0
:10277800C4E90B003046236204F0B4F838B10122F2
:10278800134684F85C20184623B0BDE8F08366231E
:102798000B90139041F2883206A90693CDE90C906C
:1027A800CDE90E00CDE91100304604F025F90028E6
:1027B800E5D1992341F2883206A93046069304F000
:1027C8001BF90028DBD105231C9019906A46149345
:1027D8004FF08073219014A91D9341F288339FED27
:1027E8002A7BCDE91A90CDE91F008DED007B9FED86
:1027F800287B30468DED027B9FED277B8DED047B9A
:1028080004F066FA0028BAD129462046FFF748FEA8
:102818000028B4D12046FFF7CFFE03460028AED1EA
:10282800002FB0D1189330460027002606AA14A915
:10283800CDF86890CDE91F33EB2314934FF4406330
:102848001B934FF4005317934FF440431C93A0235A
:102858001693062319934FF0805321934FF040733A
:10286800CDE906671D9304F0ABFA034600288AD029
:10287800434684F85C8086E701230322184684F8DF
:102888005C2023B0BDE8F0830000000001000000D8
:1028980010000000010000000000000000004000DF
:1028A800B4070024005000522DE9F04F8FB0414B7F
:1028B8000024026800AF9A427C63C7E90944C7E96B
:1028C8000B4403D03C37BD46BDE8F08F3A4B40F689
:1028D80009213A48EB46D3F8D42007F11C0607F142
:1028E800220A4FF0020942F480424FF00308C3F86D
:1028F800D420D3F8D42002F48042BA60BA68D3F85E
:10290800E02042F04002C3F8E020D3F8E02002F0D3
:102918004002FA60FA68D3F8E02042F02002C3F8D7
:10292800E020D3F8E02002F020023A613A69D3F8B7
:10293800E02042F01002C3F8E020D3F8E02002F0D3
:1029480010027A617A69D3F8E02042F00202C3F8F3
:10295800E020D3F8E030F86103F002033984BB616A
:10296800174B7B60BB697B6853F8040F7B6000F0F2
:102978008DFF7B680546186800F090FF16F8013B4C
:10298800786207F124012846C7F830807B63C7E9DD
:102998000A9402F043F95645E5D100225C2011461D
:1029A80001F0C0F85C2001F0FBF83C37DD46BD467D
:1029B800BDE8F08F00500052004402580A0A090985
:1029C80010080024114B02689A4200D07047104A40
:1029D80070B5D2F8D4300F4C23F4804304F11806B4
:1029E800C2F8D43054F8040F00F050FF05462068B0
:1029F80000F054FF0146284602F050FAB442F1D1E3
:102A08005C20BDE8704001F0D9B800BF005000520A
:102A18000044025810080024014804F05DBA00BFC1
:102A2800C4070024084B1A1D981D03F1080110B4AF
:102A38009C1C9A6603F10A02C3E91834C3E91B0116
:102A48005DF8044B5A677047B407002438B503682B
:102A580071B9026A00F1280500F5AC74012A0CBFAF
:102A6800002140218BBB1D4B5722C0F858310DE087
:102A7800426A00F1C00500F5E874012A0CBF002184
:102A88004021EBB1164B5A22C0F8D0310023204622
:102A9800C4E901214FF480524FF48061636262619E
:102AA8004FF48042C4E903314FF48073C4E906232C
:102AB8004FF40033236201F0E7F958B1FFBEFEE797
:102AC800084B5822C0F8D031E0E7074B5922C0F82C
:102AD8005831DBE7C5E92044A56338BD1000024042
:102AE8007000024028000240580002402DE9F043DF
:102AF800821D05468BB0031D05F10A010830CDE99A
:102B0800052305F10C02AB69CDE907010992002BF9
:102B18003DD0EB69B3FA83F84FEA58180123022233
:102B280005AE0AAF4FF006090393CDE9012356F825
:102B3800044B2B792278934216D02B68F3B1012BE2
:102B480002D1F2B10A230493204600F0A7FE0346FF
:102B58002046009300F09AFE694602F05FF8BE42F4
:102B6800E5D10BB0BDE8F083697963789942E4D187
:102B7800B8F1000FF3D02B68002BE0D1CDF81090FE
:102B8800E2E76378022B14BF0A230823DBE74FF040
:102B98000108C3E7534A0368934230B505468BB032
:102BA80055D02032934252D04F4A934204D020321B
:102BB800934201D00BB030BD4C4C4D48D4F8E030B6
:102BC80043F00103C4F8E030D4F8E03003F0010327
:102BD8000593059BD4F8E03043F00803C4F8E030CF
:102BE800D4F8E03003F008030693069BD4F8E030ED
:102BF80043F04003C4F8E030D4F8E03003F0400379
:102C08000793079BD4F8F03043F40003C4F8F0307E
:102C1800D4F8F03003F400030893089BFFF766FF2D
:102C2800D4F8D830296843F001032F4A3048C4F853
:102C3800D830891AD4F8D83018BF012103F001031D
:102C48000993099B0BB0BDE83040FFF7FFBE274C46
:102C58002848D4F8E03043F00103C4F8E030D4F851
:102C6800E03003F001030093009BD4F8E03043F018
:102C78001003C4F8E030D4F8E03003F010030193F7
:102C8800019BD4F8E03043F04003C4F8E030D4F8B6
:102C9800E03003F040030293029BD4F8F03043F491
:102CA8008003C4F8F030D4F8F03003F480030393C1
:102CB800039BFFF71BFFD4F8D830296843F00103C2
:102CC800084A0C48C4F8D830891AD4F8D83018BF44
:102CD800012103F001030493049B0BB0BDE83040CD
:102CE800FFF7B4BE04580140045C01400044025898
:102CF800880A00242C080024014801F03DBC00BFCC
:102D080084090024014801F037BC00BFFC090024F5
:102D1800014801F031BC00BFE00B0024014801F07C
:102D28002BBC00BF580C00241A4A0368934210B405
:102D38000BD02032934208D0174A934216D0203243
:102D4800934213D05DF8044B7047144B0022D3F81C
:102D58005442C3F85822002CF4D0D3F84802D3E9DF
:102D6800931223465DF8044B520818470B4B002278
:102D7800D3F8B044C3F8B424002CE3D0D3F8AC247F
:102D8800D3F8A814D3F8A404520823465DF8044BDA
:102D9800184700BF04580140045C01402C08002477
:102DA800184A0368934210B40BD02032934208D0DB
:102DB800154A934217D02032934214D05DF8044B41
:102DC8007047124BD3E994245208C3F85822002CB8
:102DD800F4D0D3E99201234601EB820100EB820093
:102DE8005DF8044B1847094BD3F8AC24D3F8B0442A
:102DF8005208C3F8B424002CE0D0D3F8A814D3F8B0
:102E0800A404E8E704580140045C01402C080024AD
:102E18002DE9F04F0C684FF41776754F87B004FB17
:102E280006F6012C07EB060AC0F800A000F3A08004
:102E38000D468E464FF00008D44669A3D3E9002317
:102E480069A1D1E90001CDE9022306ABCAF8508295
:102E580003EB8403CDE9040153F810BC53F8083C94
:102E6800CAE992880193BEE80F00ACE80F00BEE8FB
:102E78000F00ACE80F00019B9EE80300CAF828B0D9
:102E8800CAF8C0308CE803002B69042B0CD8DFE8A3
:102E980003F0737D879103004FF41773554A03FBC2
:102EA80004739A64C3F8E020AA692B6A002A43D005
:102EB800002B4FF4177308BF022203FB047318BFDB
:102EC8000322DA6201221A63EA696B6A002A40D196
:102ED800191E4FF4177318BF012103FB0473C3E9CC
:102EE80031126B69022B05D8434A12F80380434A12
:102EF80052F823904FF4177306F1280042464946CA
:102F080003FB04740023384463646363E365C4F813
:102F1800DC30C4F8CC30C4F8F430C4E90F33C4E969
:102F28001533C4E93533C4E93B33022306F076F898
:102F3800002849D0FFBEFEE7191E4FF4177318BFCB
:102F4800012103FB0473C3E90B12EA696B6A002AC7
:102F5800BED0002B4FF4177308BF022203FB047383
:102F680018BF0322C3F8C4200122C3F8C820B8E759
:102F7800012007B0BDE8F08F4FF417734FF4FA52F1
:102F880003FB04739A64C3F8E0208DE74FF41773CA
:102F98004FF47A5203FB04739A64C3F8E02083E782
:102FA8004FF417734FF4FA4203FB04739A64C3F89F
:102FB800E02079E74FF417734BF6803203FB047374
:102FC8009A64C3F8E0206FE706F1C0000223424686
:102FD8004946384406F022F80028CAD0FFBEFEE76A
:102FE80004580140045C014024580140245C01401D
:102FF8002C08002400770100FCF6000800F7000800
:103008000068704770B5046882B015460E46C4F86B
:103018005032C4E99212069AC4F85422A269012ACD
:1030280026D0626A012A9AB211D0294604F1C0005A
:10303800019206F0AFF8236A019A012B10D02946B5
:1030480004F1280006F0A6F8002002B070BD04F1D3
:10305800C000019206F030F9236A019A012BEED1E3
:10306800314604F1280006F027F9002002B070BDAF
:10307800226A012A9AB211D0294604F12800019245
:1030880006F088F8636A019A012B10D0294604F1EA
:10309800C00006F07FF8002002B070BD04F12800DF
:1030A800019206F009F9636A019A012BEED13146C3
:1030B80004F1C00006F000F9002002B070BD00BFA6
:1030C80003681B69042B05D8044A02EB830393EDBC
:1030D800000A70479FED020A704700BF0CF700080E
:1030E80000803B470368D3F858027047704700BF19
:1030F80008B500F0DBFCBDE8084000F0DBBD00BF10
:10310800064808B503680BB101F09AFF0448036844
:103118001BB1BDE8084002F089BE08BDF0100024CC
:10312800E80C0024064808B503680BB101F088FFD5
:10313800044803681BB1BDE8084002F077BE08BD2B
:10314800F0100024E80C0024064808B503680BB109
:1031580001F076FF044803681BB1BDE8084002F09F
:1031680065BE08BDF0100024E80C0024364BDA6A6E
:10317800520062D59A6A9A6A9A6A9B6A180600D5BA
:1031880000BE314B9B6A990600D500BE2E4B9B6A48
:10319800DA0600D500BE2C4B9B6A1B0700D500BE83
:1031A800294B9B6A980700D500BE274B9B6AD90715
:1031B80000D500BE244B9B6A1A0400D500BE224BE2
:1031C8009B6A9B0400D500BE1F4B9B6AD80400D5A0
:1031D80000BE1D4B9B6A190500D500BE1A4B9B6AA1
:1031E8005A0500D500BE184B9B6A9B0500D500BE4A
:1031F800154B9B6AD80500D500BE134B9B6A9901F5
:1032080000D500BE104B9B6ADA0100D500BE0E4BFC
:103218009B6A1B0300D500BE0B4B9B6A580300D565
:1032280000BE094B9B6A990300D500BE064B9B6AFA
:10323800DA0306D400BE00BEFEE7DB6A9B07FAD5B8
:10324800F8E700BEF6E700BF00ED00E000F040BC84
:103258000A4B9B6803F17843B3F5003F0BD3084B47
:10326800986848B19868012806D09868022803D061
:103278009B68032070470120704700BF00ED00E005
:10328800000080382DE9F041CEB004464C220021E0
:103298000AA80CF00DFA2022002102A80CF008FA66
:1032A800BC2200211EA80CF003FA022003F032FA17
:1032B8002368012B4FF0000354D0534A0225019391
:1032C800C820D16A514B21F00101D162D26A02F0C3
:1032D800010201929A6942F440429A619B6903F49F
:1032E80040430193019B494A93699B04FCD5484993
:1032F8000224002201268B6A04274FF0080823F0D5
:10330800030323438B62052316900AA818934FF4EE
:1033180080331096179419941597CDF86880CDE9E5
:103328001B222122CDE91344CDE90A2303F0DCFE58
:1033380000B1FEE73F220323294602A8CDE9022374
:1033480000220823CDE9042340224023CDE90623A7
:1033580040234FF48062CDE9082304F0F3F90346D3
:10336800B8B1FEE7294A04250093F0209169264B5D
:1033780041F440419161926902F440420092DA6A54
:1033880042F00102DA62DB6A03F001030093009B5A
:10339800A9E720224FF4805125934FF440152B9232
:1033A80080222D931EA83093269135914FF4807179
:1033B800249234920C223394439140F227112092A4
:1033C8001022CDF884802A971F96CDE92E34CDE9B6
:1033D8003B334FF48033CDE92246319300244693A2
:1033E8000623CDE93E4527934FF48063094C2C937F
:1033F8001E94CDE9281204F001FC00B1FEE703F0A9
:10340800AFF94EB0BDE8F0810004005800480258FA
:10341800004402580F130F0370B584B0012400F064
:10342800F7FB4FF480764FF04052194B6846002561
:10343800ADF800400396CDE9012300F007FC1922FE
:103448004FF0404368468DF8082001938DF80F40EF
:10345800ADF80D608DF801408DF80A5000F0F6FBCC
:1034680002230B2268468DF80F508DF801304FF07B
:1034780062538DF808200193ADF80D408DF80A408D
:1034880000F0E4FB042000F0D1FB04B070BD00BFE5
:103498000E00010330B50D46044685B0D1E90001A0
:1034A80084E8030000F0D2FAAB79A3B309F0A4FAD8
:1034B800FEF77EFE07F014FF08F0A0FF2B798BBB08
:1034C8006B799BB1BFF34F8FBFF36F8F2A4B0022ED
:1034D800C3F85022BFF34F8FBFF36F8F5A6942F47E
:1034E80000325A61BFF34F8FBFF36F8F4FF0FF3237
:1034F8000023002400256946204802928DF80C30EC
:10350800CDE9004508F00CFB1C4808F071FB07F0FA
:1035180017FB05B030BD2046FFF7B4FE2046FFF785
:103528007BFFC3E7144C0023C4F88430BFF34F8FEC
:10353800D4F8801043F6E07EC1F34E3CC1F3C901D4
:103548004FEA4C1C0CEA0E000B4640EA8372013B22
:10355800C4F860225A1CF8D1ACF1200C1CF1200FE1
:10356800F0D1BFF34F8F636943F480336361BFF3D6
:103578004F8FBFF36F8FA3E700ED00E0E40C00244A
:1035880004F010BA1C4B9B6803F17842B2F5003F77
:1035980025D3B3F5803F20D303F16042B2F5003F55
:1035A8001FD303F15C42B2F5002F1CD303F1704224
:1035B800B2F5902F19D303F14842B2F5803F16D3E4
:1035C80003F18042B2F1806F13D303F1E043B3F506
:1035D800000F2CBF082007207047012070470020EB
:1035E8007047022070470320704704207047052069
:1035F80070470620704700BF00ED00E00348002335
:10360800034A044903600CF00DB800BFE40C002421
:1036180000000024F530000810B4204C0022204B94
:1036280083B0D4F888101F4841F47001C4F888109A
:1036380019681D4C41F0010119601A6119680840A8
:103648001A4918609A61DA611A629A62DA621A6330
:103658005A639A63DA631A645A64186820F48020FB
:1036680018601A66D3F8DC2042F06042C3F8DC2008
:10367800D3F8DC300193019B23681940B1F1005F56
:1036880003D20B4B0122C3F80821044B4FF0006210
:103698009A6003B05DF8044B704700BF00ED00E08E
:1036A800004402587FEDF6EA0010005C0000FFFFBE
:1036B8000080005100F57171D0F8040406F028BEAE
:1036C800C1EBC10300EB8303D0F80404D3F808224C
:1036D80006F04CBEC1EBC10300EB8303D0F8040431
:1036E8009A6C06F081BE00BFD0F8040406F020BF33
:1036F800C16810B5044619B1022900D0FEE70121BE
:10370800D4F8040406F0FEFED4F80404BDE8104022
:1037180006F0D0BE10B50446D0F8040406F0F6FE54
:103728002268D2F8003E43F00103C2F8003E236A43
:1037380023B1034A136943F00603136110BD00BFA8
:1037480000ED00E0D0F8040406F0EABED0F8040466
:1037580006F0FEBED0F8040406F0F8BED0F8040463
:1037680006F0F8BED0F8040406F0F6BE9446D0F889
:1037780098021A4608B5634602F0BCFE032802D830
:10378800024B185C08BD022008BD00BF30F70008D6
:10379800D0F8980208B502F03BFF032802D8024B84
:1037A800185C08BD022008BD30F70008D0F8980260
:1037B80008B502F071FF032802D8024B185C08BD57
:1037C800022008BD30F700080A06D0F8983206D45F
:1037D800C1EBC10103EB810191F8FE01704701F0D3
:1037E8007F01C1EBC10103EB810191F83E007047F5
:1037F800D0F8980208B502F067FE032802D8024BF9
:10380800185C08BD022008BD30F70008D0F89802FF
:1038180008B502F0D5FE032802D8024B185C08BD93
:10382800022008BD30F70008D0F8980208B502F069
:103838009FFE032802D8024B185C08BD022008BD71
:1038480030F70008D0F8C00207F034B9D0F8C00249
:1038580007F048B9D0F8C00207F050B9704700BF68
:10386800D0F8C00207F036B9D0F8C00207F036B970
:10387800D0F8D00308B501F0A3FF032802D8024B03
:10388800185C08BD022008BD34F70008024B027816
:1038980053F82200704700BF58F70008024B4278DF
:1038A80033F81200704700BF38F700088CB00A28B8
:1038B80014D8DFE800F01523313F4D5B6977859315
:1038C80006004D4BD3F8E02042F48062C3F8E020B4
:1038D800D3F8E03003F480630B930B9B0CB0704774
:1038E800454BD3F8E02042F00102C3F8E020D3F8BA
:1038F800E03003F001030193019BEFE73E4BD3F85F
:10390800E02042F00202C3F8E020D3F8E03003F0F0
:1039180002030293029BE1E7374BD3F8E02042F021
:103928000402C3F8E020D3F8E03003F00403039363
:10393800039BD3E7304BD3F8E02042F00802C3F8EA
:10394800E020D3F8E03003F008030493049BC5E7B4
:10395800294BD3F8E02042F01002C3F8E020D3F856
:10396800E03003F010030593059BB7E7224BD3F82B
:10397800E02042F02002C3F8E020D3F8E03003F062
:1039880020030693069BA9E71B4BD3F8E02042F0DF
:103998004002C3F8E020D3F8E03003F04003079377
:1039A800079B9BE7144BD3F8E02042F08002C3F852
:1039B800E020D3F8E03003F080030893089B8DE7FC
:1039C8000D4BD3F8E02042F48072C3F8E020D3F81E
:1039D800E03003F480730993099B7FE7064BD3F823
:1039E800E02042F40072C3F8E020D3F8E03003F49A
:1039F80000730A930A9B71E700440258704700BF9E
:103A08000F4B1B780BB90120704710B504464FF4D3
:103A18007A700C4AB0FBF3F31068B0FBF3F000F0D7
:103A2800E1F80F2C00D808B1012010BD0022214672
:103A38004FF0FF3000F076F8034B00201C6010BDFB
:103A4800540000244C0000245800002438B50320FA
:103A5800124D00F055F8124C03F0D4FD114A1249EA
:103A68009369C3F30323CB5C03F01F0320FA03F32A
:103A78000E202B60926902F00F028A5C02F01F028E
:103A8800D3402360FFF7BCFF10B10124204638BDA6
:103A98000446FFF7B3FF204638BD00BF4C000024A2
:103AA800500000240044025820F70008034A044B41
:103AB80011681B780B441360704700BFB4130024CF
:103AC80054000024014B1868704700BFB413002449
:103AD80038B50446FFF7F6FF0546631C02D0044BD1
:103AE8001B781C44FFF7EEFF431BA342FAD338BDF3
:103AF80054000024014B1868000C70470010005C4B
:103B080006494FF6FF0C0002054BCA6800F4E06056
:103B180002EA0C0210430343CB60704700ED00E05B
:103B28000000FA051B4BDB68C3F3022300B5C3F1A1
:103B3800070E03F1040CBEF1040F28BF4FF0040E6A
:103B4800BCF1060F1AD9033B4FF0FF3C0CFA03FCFB
:103B580022EA0C024FF0FF3C00280CFA0EFC21EA86
:103B68000C0101FA03F141EA02010ADB09010A4BDF
:103B7800C9B2034483F800135DF804FB002213461E
:103B8800E8E700F00F000901044BC9B203441976B5
:103B98005DF804FB00ED00E000E100E0FCEC00E073
:103BA800002807DB00F01F0101234009024A8B406F
:103BB80042F82030704700BF00E100E000280DDB2C
:103BC8004309012200F01F000549203302FA00F0E2
:103BD80041F82300BFF34F8FBFF36F8F704700BFCB
:103BE80000E100E0431EB3F1807F0CD24FF0E022E9
:103BF800002006494FF0F00C5361072381F823C0D9
:103C08009061136170470120704700BF00ED00E02C
:103C1800BFF35F8F044B00215A6A22F480325A6244
:103C2800C3F89410704700BF00ED00E0064B40F069
:103C38000100C3F894005A6A42F480325A62BFF312
:103C48004F8FBFF36F8F704700ED00E0174A43783E
:103C5800C2F89830017821B3436800B5C2F89C30A7
:103C6800C37A90F80CC01B0690F80FE043EA0C7377
:103C780090F80AC00B43817B43EACC4390F80DC00F
:103C880043EA8C4390F809C043EA4143017A43EA86
:103C98000E4343EA0C2343EA4103C2F8A0305DF81F
:103CA80004FBC2F89C10C2F8A010704700ED00E0B9
:103CB800704700BF08B5FFF7FBFF08BD0268344B2B
:103CC800344930B4344D354CAA4218BF9A420CBF1F
:103CD800012300238A4208BF43F001033031A24286
:103CE80008BF43F0010330348A4208BF43F00103A0
:103CF8003031A24208BF43F0010330348A4208BF82
:103D080043F0010301F55C71A24208BF43F00103CF
:103D180004F55C748A4208BF43F001033031A242C3
:103D280008BF43F0010330348A4208BF43F001035F
:103D38003031A24208BF43F0010330348A4208BF41
:103D480043F001033031A24208BF43F001038A4225
:103D580008BF43F0010313B9114B9A4213D1D3B2F0
:103D68001049114C103BA1FB03515F2B0F4BC1F3C2
:103D7800021103EA0203615C88BF0433C1658365ED
:103D8800184630BC704722F0FF038365F8E700BF90
:103D98001000024040000240280002405800024043
:103DA800B8040240ABAAAAAA88F7000800FCFFFFE3
:103DB8000368294A294930B4294D2A4CAB4218BF17
:103DC80093420CBF012200228B4208BF42F001023D
:103DD8002831A34208BF42F0010228348B4208BFB1
:103DE80042F001022831A34208BF42F001028B428F
:103DF80008BF42F0010212B91B4A934213D1DBB249
:103E08001A4C1B4A0121083B1A4DA4FB0343456683
:103E180002EB1312C3F30413920001FA03F30266D0
:103E2800836630BC7047DAB21349144C1944103A0F
:103E3800A829A4FB02234FEA131300D80833104A19
:103E480003F01F0501210F4C1A44A9404466920053
:103E580081660266E5E700BF0854025830540258EC
:103E68001C5402584454025894540258CDCCCCCC1B
:103E78000096001680580258F0FBFDBFABAAAAAA0C
:103E8800008200108008024070B50446FFF71AFE51
:103E9800002C00F0C68023680546954A934248D016
:103EA8001832934245D0303292498B4218BF934220
:103EB80001F130010CBF012200228B4208BF42F001
:103EC800010218318B4208BF42F0010218318B42BF
:103ED80008BF42F0010218318B4208BF42F00102CC
:103EE80001F556718B4208BF42F0010218318B422E
:103EF80008BF42F0010218318B4208BF42F00102AC
:103F080018318B4208BF42F0010218318B4208BFBA
:103F180042F0010218318B4208BF42F00102183109
:103F28008B4208BF42F001021AB9734A934240F02B
:103F3800F5800222002184F8352084F834101A68AC
:103F480022F001021A6005E0FFF7BCFD431B052BB8
:103F580040D823681A68D107F6D4D4E90225216924
:103F68002A43A0691D680A4361690A43E16902435B
:103F78000A4362492940256A2A430A43616A042997
:103F88002FD01A605A6922F007021143596120465E
:103F9800FFF794FEE26D3F2302F01F029340836017
:103FA8002046FFF705FFA368802B3CD06368A06E0E
:103FB800DAB2013BD4E91851072B2A60486026D9A8
:103FC8000023C4E91B33636700200123606584F87C
:103FD800353070BD202203230120626584F8353016
:103FE80070BDD4E90B5129430A431A605969A26A82
:103FF80021F00701114341F00401002DC6D000282B
:104008004FD1012A6ED032F00202BFD151E0501ECA
:10401800072810D9626FD4E91B31002018604A6064
:10402800D2E7012070BD0023A16ED4E918026360B5
:1040380003605160C4E72168314B324DA94218BF73
:10404800994205F114050CBF01230023A94208BFBA
:1040580043F001031435A94208BF43F001031435A6
:10406800A94208BF43F001031435A94208BF43F031
:1040780001031435A94208BF43F001033BB9224BA1
:10408800994204D0214B224913449B0003E0214B61
:10409800214913449B0001228240C4E91B31626715
:1040A800BBE7B0F5005F0ED0022A05D9032A7FF4DA
:1040B8006DAFEA017FF56AAF0123402218466265B9
:1040C80084F8353070BD032A3FF660AF01A050F880
:1040D80022F000BFC1400008BB400008C1400008F2
:1040E800ED400008B5F1C07F7FF450AFE4E700BFB2
:1040F8001000024040000240B80402403F8010FE19
:10410800085402581C540258945402583F82001014
:10411800400902403F96001640590258324A334837
:104128003349834218BF934200F128000CBF012293
:1041380000228B4208BF42F001022831834208BFA7
:1041480042F0010228308B4208BF42F001022831B8
:10415800834208BF42F001028B4208BF42F00102CD
:1041680012B9244A934238D102220021224D84F800
:10417800341084F835201A681540A268402A2AD0DD
:10418800802A0CBF4FF480400846266AD4E90312FF
:10419800D20842EAD102616942EAD102A16942EA3F
:1041A800D102E16942EAD102144942EA16121944DD
:1041B8002A4302431248A0FB010120461A600B095A
:1041C8009B00E365FFF77AFDE26D012302F01F0211
:1041D80093404360E4E61020D7E740220323012000
:1041E800626584F8353070BD085402581C54025872
:1041F80030540258945402580F00FEFFF8ABFDA744
:10420800CDCCCCCC002800F0BC80844690F834009B
:10421800012800F0B88001202DE9F0419CF83540D4
:104228008CF83400844208D000224FF400638CF8E4
:104238003420CCF85430BDE8F0810220DCF800507E
:104248007A4C8CF835000020794ECCF85400794827
:10425800854218BFA54200F118000CBF01240024B4
:10426800854208BF44F001041830854208BF44F075
:1042780001041830854208BF44F001041830854213
:1042880008BF44F0010400F55670854208BF44F0A9
:1042980001041830854208BF44F0010418308542F3
:1042A80008BF44F001041830854208BF44F00104F7
:1042B8001830854208BF44F001041830854208BF11
:1042C80044F001041830854208BF44F00104183056
:1042D800854208BF44F00104A0F59560B54218BFB7
:1042E8008542DCF86C600CBF0120002054EA00080D
:1042F800286820F001002860DCF86400DCF86840D9
:10430800DCF85870446040D016B1DCE91C04446005
:10431800DCF85C004FF03F0E00F01F000EFA00F0D2
:10432800B860286820F4802028606B60DCF80830CA
:10433800402B23D0A960EA602B6823F01E0343F0CA
:1043480016032B60DCF840301BB12B6843F00803E0
:104358002B60DCF860301A68D20303D51A6842F47F
:1043680080721A601EB1336843F4807333602B681F
:10437800002043F001032B60BDE8F081AA60E960EA
:10438800DAE7012070470220704716B1DCE91C0407
:1043980044602948DFF8A8E0754518BF85420EF14A
:1043A800140E0CBF01200020754508BF40F0010025
:1043B8000EF1140E754508BF40F001000EF1140E01
:1043C800754508BF40F001000EF1140E754508BF91
:1043D80040F001000EF1140E754508BF40F00100D1
:1043E80010B9164885420ED1DCF85C0000F01F0EAB
:1043F800012000FA0EF078606B60DCF80830402B82
:1044080010D0A960EA602B6823F00E0343F00A037A
:104418002B60DCF84030002B9BD02B6843F0040362
:104428002B6096E7AA60E960EDE700BF4000024014
:104438002800024058000240085402589454025878
:104448001C54025800285FD038B590F83520034630
:10445800022A55D10168444A914248D01832914203
:1044680045D03032414C4248A14218BF914204F134
:1044780048040CBF01220022814208BF42F0010219
:104488003030A14208BF42F001023034814208BFF7
:1044980042F0010200F55C70A14208BF42F001023F
:1044A80004F55C74814208BF42F001023030A14239
:1044B80008BF42F001023034814208BF42F00102D5
:1044C8003030A14208BF42F001023034814208BFB7
:1044D80042F001023030A14208BF42F0010281429D
:1044E80008BF42F0010212B9224A91420ED10422B9
:1044F800002083F835200B6823F001030B6038BDDA
:10450800802201205A6538BD012070470A681C6E58
:1045180022F00E02D86D9D6D0A6000F01F000A6837
:1045280022F001020A6001222168824021F4807190
:1045380021606A60DA6ED3E91910486032B11168F7
:10454800D3E91C0421F48071116044600024012126
:104558001A6D83F8344083F835101AB1184690471D
:10456800204638BD104638BD1000024040000240C9
:1045780070000240B80402402DE9F04300229C4B31
:1045880083B09C4E1D688146019203689A4A846DE7
:10459800934218BFB342276808BF0126216818BF95
:1045A800002645D018329548834218BF934200F13F
:1045B80018000CBF01220022834208BF42F001020A
:1045C8001830834208BF42F001021830834208BF06
:1045D80042F001021830834208BF42F0010200F5A0
:1045E8005670834208BF42F001021830834208BF68
:1045F80042F001021830834208BF42F0010218302D
:10460800834208BF42F001021830834208BF42F0DB
:1046180001021830834208BF42F001021830834279
:1046280008BF42F001021AB9754A934240F050821D
:10463800D9F85C10082201F01F0C02FA0CF217429C
:1046480040F0888127FA0CF2D2070CD55A69100677
:1046580009D5012202FA0CF2A260D9F8542042F0DE
:104668000202C9F854204FF0040E0EFA0CF038423A
:104678005BD0002E4FD1634ADFF88081434518BFD5
:10468800934208F118080CBF01220022434508BFD5
:1046980042F0010208F11808434508BF42F0010240
:1046A80008F11808434508BF42F0010208F118084C
:1046B800434508BF42F0010208F55678434508BF54
:1046C80042F0010208F11808434508BF42F0010210
:1046D80008F11808434508BF42F0010208F118081C
:1046E800434508BF42F0010208F11808434508BFD6
:1046F80042F0010208F11808434508BF42F00102E0
:1047080008F11808434508BF42F001021AB93C4AAB
:10471800934240F019821A68920706D5A060D9F82A
:10472800542042F00402C9F85420102202FA0CFC6A
:104738001CEA070F6CD0002E45D1324A2F4EB342E7
:1047480018BF934206F118060CBF01220022B3429B
:1047580008BF42F001021836B34208BF42F0010216
:104768001836B34208BF42F001021836B34208BFF8
:1047780042F0010206F55676B34208BF42F0010244
:104788001836B34208BF42F001021836B34208BFD8
:1047980042F001021836B34208BF42F0010218364F
:1047A800B34208BF42F001021836B34208BF42F0D4
:1047B80001021836B34208BF42F001021AB9104A82
:1047C800934240F0C9811A68100721D5C4F808C07F
:1047D8001A68560300F14C811A68D20503D41A6886
:1047E80022F008021A60D9F840308BB10CE000BF03
:1047F8004C000024100002402800024058000240EB
:10480800B80402404000024048469847D9F85C1076
:1048180001F01F0120268E403E4268D0D9F80020C2
:10482800A54BA64FBA4218BF9A4207F118070CBF0A
:1048380001230023BA4208BF43F001031837BA42E4
:1048480008BF43F001031837BA4208BF43F0010319
:104858001837BA4208BF43F001031837BA4208BFF5
:1048680043F001031837BA4208BF43F0010307F5C4
:104878005677BA4208BF43F001031837BA4208BF57
:1048880043F001031837BA4208BF43F00103183751
:10489800BA4208BF43F001031837BA4208BF43F0D1
:1048A80001031837BA4208BF43F001031837BA4268
:1048B80008BF43F001031BB9814B9A4240F0628163
:1048C8001368DB0613D5A66099F83530042B1368F6
:1048D80000F0AE8013F4802F136800F0D3801C031F
:1048E80040F1DE80D9F83C300BB148469847D9F8FA
:1048F8005430002B00F0B980D9F85430D8071FD5B0
:10490800D9F80020042189F83510136823F0010331
:1049180013606C4BA3FB0535AD0A02E01368D90799
:1049280004D5019B0133AB420193F7D9002389F8E1
:1049380034301368DB074CBF0323012389F8353073
:10494800D9F84C30002B00F09080484603B0BDE801
:10495800F0431847186840070AD5186820F0040083
:104968001860A260D9F8542042F00102C9F8542016
:1049780027FA0CF2D2077FF576AE534A53488342A2
:1049880018BF934200F130000CBF0122002283427D
:1049980008BF42F001021830834208BF42F001020A
:1049A8001830834208BF42F001021830834208BF22
:1049B80042F0010200F55670834208BF42F001023E
:1049C8001830834208BF42F001021830834208BF02
:1049D80042F001021830834208BF42F00102183049
:1049E800834208BF42F001021830834208BF42F0F8
:1049F80001021830834208BF42F001021830834296
:104A080008BF42F00102002A7FF420AE002E7FF496
:104A18001DAE1A68042202FA0CF23A4240F0948061
:104A2800102202FA0CFC17EA0C0F3FF4F1AE84E6F0
:104A380023F016031360536923F080035361D9F8F8
:104A480040309BB3136823F0080313603F2300250D
:104A5800012203FA01F1D9F85030A16089F83450E5
:104A680089F83520002B7FF470AF03B0BDE8F083E0
:104A78001B6818037FF5B7AED9F84830002B7FF4D0
:104A8800C3AEC5E613F480737FF42CAF116821F030
:104A980010011160012289F8343089F8352021E7A6
:104AA800D9F84430002B7FF420AF20E7D9F84830FC
:104AB800002BC7D1CAE700BF1000024028000240FF
:104AC800B8040240B5814E1B580002404000024025
:104AD8004E4A4F4DAB4218BF934205F114050CBF27
:104AE80001220022AB4208BF42F001021435AB425A
:104AF80008BF42F001021435AB4208BF42F0010280
:104B08001435AB4208BF42F001021435AB4208BF6E
:104B180042F0010212B93F4A9342A6D1D9F85C503B
:104B280004261A6805F01F05AE400E4219D0570733
:104B380017D5100466604BD5D1034FD4D9F8483047
:104B4800002B7FF402AF90E71A68102202FA0CFCDF
:104B580017EA0C0F3FF45CAE1A6852077FF558AE9F
:104B680034E60226AE400E4211D097070FD5666094
:104B7800140439D5D00343D4D9F84430002B7FF43A
:104B8800E4AE72E713689F077FF5B1AE9BE608268F
:104B9800AE400E423FF469AF11077FF566AF1A6861
:104BA800002122F00E021A600123D9F84C2003FAE2
:104BB80005F56560C9F8543089F8341089F835303E
:104BC800002A3FF452AF484603B0BDE8F04310470F
:104BD800920603D41A6822F004021A60D9F8403009
:104BE800002B7FF4B2AE40E712F0200208D119681A
:104BF800012421F00A01196089F8342089F8354028
:104C0800D9F83C30002B7FF4A0AE2EE708540258A8
:104C18001C54025894540258406D70472DE9F04FC7
:104C28000D6883B0002D00F0D5800023DFF868827E
:104C380001229A4012EA050C00F0C7804E6826F05F
:104C48001009B9F1020F40F0C88003F007044FEAD9
:104C5800D30E4FF00F0A4FEA840900EB8E0E0AFAC2
:104C680009FADEF8204024EA0A0A0C6904FA09F471
:104C780006F0030944EA0A04CEF820404FEA430E3E
:104C88000324D0F800A009FA0EF904FA0EF42AEA6F
:104C9800040AE44349EA0A09C0F80090D0F808A0D9
:104CA800CF6804EA0A0A07FA0EF949EA0A09C0F8BD
:104CB8000890C6F30019D0F804A009FA03F92AEA03
:104CC800020249EA02024260C268F70004EA0204EA
:104CD8008A6802FA0EF242EA0402C26075D5644C90
:104CE80023F0030E03F00309D4F8F420C6444FEA76
:104CF800890942F00202C4F8F420D4F8F42002F042
:104D080002020192019A0F22DEF8084002FA09F223
:104D180024EA0202574CA04225D004F58064A04240
:104D28007BD0554CA0427ED0544CA0426FD0544CFE
:104D3800A04200F08480534CA04200F08680524C80
:104D4800A04276D0514CA04200F08580504CA04241
:104D580000F087804F4CA0420CBF09240A2404FAB3
:104D680009F942EA0902CEF808204FF0B0426FEA8A
:104D78000C0EF403D2F880204FF0B04454BF0EEA72
:104D880002024CEA0202C4F88020B203D4F884403C
:104D98004FF0B04254BF0EEA04044CEA0404F70290
:104DA800C2F8844014684FF0B04254BF0EEA0404BD
:104DB8004CEA04041460B40252684FF0B04454BF83
:104DC8000EEA02024CEA02026260013335FA03F28B
:104DD8007FF42EAF03B0BDE8F08F4FEA430E0324F3
:104DE800D0F800B006F0030A04FA0EF409F1FF390E
:104DF8000AFA0EFA2BEA040BB9F1010F6FEA040460
:104E08004AEA0B0AC0F800A03FF65EAF46E7032463
:104E180004FA09F942EA0902A5E7012404FA09F9A2
:104E280042EA09029FE7022404FA09F942EA090260
:104E380099E7062404FA09F942EA090293E70424E7
:104E480004FA09F942EA09028DE7052404FA09F986
:104E580042EA090287E7072404FA09F942EA090243
:104E680081E7082404FA09F942EA09027BE700BF4E
:104E7800004402580000025800080258000C02586A
:104E8800001002580014025800180258001C02585A
:104E9800002002580024025800040058002900F09D
:104EA800A88000232DE9F04FDFF8689183B0DFF880
:104EB8006881DFF868A1DFF868B14FF0010E0EFADB
:104EC80003F212EA010C6FD023F0030503F0030488
:104ED8000F2640454D444FEAC404AF6806FA04F66D
:104EE80007EA0607019721D0504566D0584567D094
:104EF800434FB8426ED0434FB84270D0424FB84289
:104F080063D0424FB84256D0414FB84272D0DFF812
:104F180014E1704568D0DFF810E1704514BF4FF018
:104F28000A0E4FF0090E0EFA04F400E00024019F67
:104F3800A74219D1AC6824EA06064FF0B044AE6027
:104F4800D4F8805025EA0C05C4F88050D4F8845071
:104F580025EA0C05C4F88450256825EA0C05256067
:104F6800656825EA0C05656003255C0003F0070702
:104F78000F2605FA04F40568BF00254306FA07F76B
:104F88000560DD0800EB85052E6A26EA07062E6215
:104F9800856825EA04058560456825EA02024260BD
:104FA800C26822EA0404C460013331FA03F284D1EE
:104FB80003B0BDE8F08F4FF0060E0EFA04F4B6E722
:104FC8004FF0020E0EFA04F4B1E74FF0050E0EFA98
:104FD80004F4ACE74FF0030E0EFA04F4A7E74FF021
:104FE800040E0EFA04F4A2E74FF0080E0EFA04F4C9
:104FF8009DE770474FF0070E0EFA04F497E700BFDD
:10500800000C0258001002580014025800180258E8
:10501800001C0258000400580000025800040258FE
:105028000008025800200258002402580369194257
:1050380014BF01200020704702B90904816170473C
:105048002DE9F04F056885B00446284604F006FFB0
:10505800012802D005B0BDE8F08F206804F0AEFE4C
:105068000028F7D0206804F0A9FE10F4001F20687B
:1050780002D04FF40013436104F0A0FE10F4801F27
:10508800206802D04FF48013436104F097FE10F0BB
:10509800806F206802D04FF08063436104F08EFE79
:1050A80010F0020F20682FD104F088FE870000F16D
:1050B8001381206804F082FEC60100F1CF802068C9
:1050C80004F07CFE000700F1BE80206804F076FE44
:1050D80010F0007F20681AD104F070FEC306B9D51D
:1050E8002568AB6923F01003AB612E6AC6F3434110
:1050F800C6F30A17022902D1002F40F0C681AB6916
:1051080043F01003AB61A5E702234361CCE704F049
:1051180013FFD4F808E080462068BEF1000F00F0C5
:10512800998005F5A06500264FF0280B4FF0020A7C
:105138004AE000F5A0694A0109EB4117BB685B0723
:105148005DD50423BB60FB6843F00203FB60BB68CA
:10515800980500F1FD80BB68DB0740F1CF8023692B
:1051680053B101EB81003B6904EBC000C3F3120C9F
:10517800836CA3EB0C03C3648B004FF0010C4FF05E
:10518800000E581804EBC000C0F858E080F85DC065
:10519800C7F808C090F83FE01EF0FD0F00F06481EA
:1051A800BEF1030F00F040820B4404EBC30393F8F5
:1051B800502082F0010283F85020D4F808E02068DB
:1051C80001362035764545D206F00F0328FA03F359
:1051D800D907F5D52B68F1B21A04AAD400F5A06254
:1051E8004FEA411C02EB4117BB6813F004090DD0CC
:1051F8000423BB60FB6843F00203FB60E0E7BB6885
:105208009B0640F1B3802023BB60A0E7BB6813F086
:10521800200300F0CA8001EB8103202204EBC303C2
:10522800BA6093F83D20012ACAD183F83D9083F8EB
:105238005CA0FB6843F00203FB6004F081FED4F835
:1052480008E02068BCE72046FEF7FCFA206808233F
:1052580043613BE74FF0007343613DE72668D6F8AA
:1052680040340293D6F840340393039B23F02E0373
:105278000393029B980707D5029BD90700F1638126
:10528800039B43F002030393029B1A0718D5039B61
:1052980043F008030393029B5B0740F15C81A1691B
:1052A800022900F09A81E368012B03D14EF66022AF
:1052B800C6F804242046FEF7D3FA2046FEF7C6FABD
:1052C8002068029B9F0603D5039B43F020030393AA
:1052D800039BC6F84034F3E6D5F84034204623F063
:1052E8002E03C5F84034FEF7B5FA0121206804F012
:1052F80001FE20684FF000534361DBE6BB68980766
:1053080040F18E80FB6801EB810C23F0020304EB73
:10531800CC0CFB608B009CF85D00012800F0B2808B
:10532800052800F0AF80062800F0A381082800F0C7
:10533800A081032800F0DC819CF85C000246C7F8D5
:1053480008A02046FEF78AFAD4F808E0206837E774
:10535800FB68206843F00203FB6004F0F1FD4FF4A2
:1053680000732068BB60D4F808E029E7BB681B0716
:1053780000F1BB80BB685B057FF5E9AEFB68019275
:1053880043F002030091FB6004F0DAFD009910205D
:10539800019A01EB8103B860082004EBC30383F88A
:1053A8005D004FF48063BB60D1E6D7F8089019F030
:1053B800400F40F0B180BB6813F4007340F02F81B8
:1053C800D7F8089019F0010F40F03F81BB6813F03F
:1053D800080340F06881D7F8089019F0100F00F022
:1053E800C98001EB810204EBC2029365032382F8B2
:1053F8005D3092F83D303BB90BFB014393F83C20FC
:1054080012B9012283F83D20FB6843F00203FB60D8
:1054180004F096FD10232068BB60D4F808E0CFE6BE
:10542800BB6813F0800340F0E380BA68D20640F10D
:10543800D08001EB810004EBC00090F83F20032AE4
:1054480000F04B8112F0FD02E4D123698265002B44
:10545800E0D10BFB0143032283F85D20FB68206841
:1054680043F00203FB60D3E7FA68206842F00202C7
:1054780001930091FA6004F063FD1022DDE9001346
:10548800BA6091E68CF85C0058E706F00F0606EB68
:10549800860804EBC808D8F8441000293FF42FAE5A
:1054A800284605F5A0653A4604F006FCD8F84430CD
:1054B80005EB46123B441169D8F84C20C8F8443033
:1054C80073013A44C8F84C20BC4A0A405AB1EA5819
:1054D80022F0804242F00042EA5098F8503083F0BF
:1054E800010388F85030256809E6FB684FF0050C81
:1054F800019243F002030091FB6001EB810304EB8E
:10550800C30383F85DC01023BB600823BB6004F0AD
:1055180017FDDDE900121AE601EB810204EBC20275
:105528009365042382F85D30012382F83D30FB68DF
:1055380043F00203FB6004F003FD40232068BB60D6
:10554800D4F808E03CE6B369204623F00053B36181
:10555800FEF77CF994E62046FEF786F9D6F8403443
:10556800206823F02E03C6F84034836943F00053C3
:105578008361A6E6BB681B0600F1C880BB685B05B3
:1055880000F1D780BB689B077FF51AAEFB680BFB61
:10559800014023F00203FB6090F85D30012B00F01E
:1055A800E180032B00F0DB80042B00F0D880052B72
:1055B80000F0FC80062B00F0E480082B00F0E1806E
:1055C8000BFB01432046C7F808A093F85C20FEF7C0
:1055D80045F9D4F808E02068F2E5029B206803F456
:1055E800C023B3F5802F18BF012104F083FC61E6C6
:1055F800FB6801EB810243F0020304EBC202FB608B
:10560800936D01339365062382F85D30206804F0BA
:1056180097FC80232068BB60D4F808E0D0E5FB68DD
:1056280043F00203FB6098E652F80970019347F0D3
:105638000057009142F80970624680F85CC0204625
:10564800FEF70CF9DDE90013AEE5FA6801EB810914
:1056580042F0020204EBC909C9F85830FA6004F0B4
:105668006FFC0123BB6089F85D30D4F808E020683E
:10567800A6E503EB010C04EBCC0CDCF85800013078
:10568800032825D8CCF8580002200B4404EBC303A8
:1056980083F85C0052F8093023F0804343F000435C
:1056A80042F809304AE608230091BB60FB6843F0E2
:1056B8000203FB6004F044FC0099052201EB810120
:1056C80004EBC10383F85D20D4F808E0206877E58F
:1056D8000020CCF858000420D7E7FA680BFB0140FB
:1056E80042F0020283652068FA6004F029FC91E622
:1056F8000BFB0143022083F85CA052F8093023F029
:10570800804343F0004342F8093017E6FB680091F4
:1057180043F00203FB6004F013FC009906230BFB23
:10572800014181F85D3080232068BB60D4F808E02F
:1057380046E5FB68009143F00203FB6004F000FCBF
:1057480010230099BB604FF480630BFB0141BB60E1
:10575800082381F85D30D4F808E0206830E580F847
:105768005CA02DE780F85C3090F83F30023B012BBD
:105778003FF626AF90F8513083F0010380F851309E
:105788001EE70BFB0140836D0133032B11D88365A2
:1057980002230BFB014080F85C3052F80C3023F0F8
:1057A800804343F0004342F80C3009E780F85C304E
:1057B80006E7002383650423EBE700BF0000F81F1A
:1057C80090F8B832012B0CD0012310B504460068BC
:1057D80084F8B83204F014FC0023184684F8B83270
:1057E80010BD0220704700BFF8B505460E461746A3
:1057F800701C2C682CD1A369990727D4A369DA06F1
:10580800F9D5A3699A06FCD520231022E261E36149
:10581800A3699F0701D50023A362A369DE0703D408
:10582800A36943F00103A361636800221B48202198
:105838000340012063606B6C85F8402043F004034B
:105848006B6485F8411085F84220F8BD0020F8BD4A
:10585800A3699B07FAD4A369D9061BD4FEF732F9CA
:10586800C01BB04201D8002EC2D16B6C202100228F
:1058780001200B4385F840206B6485F8411085F8BA
:105888004220F8BDFEF71EF9C01B8642EDD3002E5C
:10589800EBD02C68A3699B06F4D5B5E700E800FEB9
:1058A800F8B505460E4617462C68A3699B0649D4E9
:1058B800A369DA0626D5731C38D1A3699E06FCD5E0
:1058C80020231022E261E361A369990701D500232F
:1058D800A362A369DA0703D4A36943F00103A361B0
:1058E80063680022184820210340012063606B6C24
:1058F80085F8402043F004036B6485F8411085F86F
:105908004220F8BDFEF7DEF8C01BB04201D8002ED9
:10591800CAD16B6C2021002201200B4385F840205E
:105928006B6485F8411085F84220F8BDA369980694
:10593800C6D4FEF7C7F8C01B8642EAD3002EE8D0CB
:105948002C68B8E70020F8BD00E800FE00284ED01B
:1059580010B590F84130044603F0FF02002B41D007
:1059680023682421626884F84110196822F0706263
:10597800E06821F00101012819601A619A6822F48F
:1059880000429A60A26829D042F4044202289A6030
:1059980002D14FF400625A6058684FF0200C154944
:1059A800226901435960D96821F40041D960D4E9DA
:1059B8000501024342EA0122D4E90710DA60002215
:1059C800014310461960196841F0010119606264C9
:1059D80084F841C0226384F8422010BD42F400429A
:1059E8009A60D9E780F84020FCF708FBB8E7012067
:1059F800704700BF008000022DE9F047984690F8F4
:105A08004130089E202B40F0878090F840300446B3
:105A1800012B00F0818001238946174680F8403029
:105A2800FEF750F8054604E0FEF74CF8401B19282D
:105A380075D82368986910F40040F5D1212267626F
:105A48006063C9F3090784F84120102284F84220D2
:105A58006064A4F82A80628D92B2FF2A6DD8628DA4
:105A6800494892B2D1B222855A6802403A4342EA82
:105A78000142464911435960DFF81C814FF0FF0A83
:105A8800DFF81891638D2A46314620469BB2002BD9
:105A980030D0FFF7A9FE002873D1606A216810F89A
:105AA800012B238D8A62628D013B6062013A9BB2B1
:105AB80092B223856285628D92B2002BE2D1002AD0
:105AC800E0D0701C43D18B691A06FCD5638D9BB25C
:105AD800FF2B48D94B682A46A4F828A0204603EA99
:105AE80008033B4343EA09034B603146638D9BB28D
:105AF800002BCED1FFF7D4FE002842D12368202105
:105B0800234DD9615A682A405A6084F8411084F8B4
:105B1800400084F8420000E00220BDE8F087636C92
:105B28002021002201200B4384F84020636484F87C
:105B3800411084F84220BDE8F0875A6812490A40AB
:105B480014493A431143FF222285596094E78B692F
:105B58001B06BBD4FDF7B6FF401B8642DFD3002EE1
:105B6800DDD02168ADE7638D9BB2DAB223854B683F
:105B780003EA080343EA02433B4343F000734B60E4
:105B880080E70120BDE8F087009800FC0020008233
:105B980000E800FE0020FF81009C00FC0000FF01DF
:105BA8002DE9F0471F4690F84130202B40F08E80B9
:105BB80004460D46002900F08380B2FA82F91646A1
:105BC8004FEA5919002A7BD05FFA83FA90F84030DF
:105BD800012B7BD0012380F84030FDF773FF212390
:105BE80065628046256884F8413084F842A0C4F88C
:105BF800449066856B68C4F8349023F400436B6066
:105C08007B1C66D1AE693607FCD50823EB61E368D7
:105C1800022B06D0AE69F60328D4AE69F603F9D58F
:105C280024E0AB691907FCD50823EB617B1CF1D094
:105C3800AB69DD031AD4FDF745FFA0EB08008742E6
:105C480053D3002F51D02568F0E742463946204605
:105C5800FFF7CAFD00285BD1636A226813F8011BAD
:105C68009162658D6362013DADB26585638D9BB2BE
:105C7800002BEAD1424639462046FFF711FE00289C
:105C88004DD02268536843F400435360636C042B7F
:105C980054D1002363642023D361781C41D19369D4
:105CA8001904FCD451680023202041F400415160BC
:105CB80084F84100184684F8423084F8403003E004
:105CC8004FF4007301206364BDE8F0870220BDE84B
:105CD800F087AB69180733D4FDF7F4FEA0EB080092
:105CE800874202D30FB125688AE7636C2020002120
:105CF8002268034384F84010636484F8410001205B
:105D080084F84210536843F400435360BDE8F087B9
:105D180022680120536843F400435360D4E72268A3
:105D2800B9E793691B04BDD5FDF7CCFEA0EB0800CD
:105D38008742DAD3002FD8D02268AEE70120C3E724
:105D48000823EB61E368022B7FF470AF08E0FDF7EE
:105D5800B9FEA0EB08008742C7D3002FC5D025683D
:105D6800AB691A07F3D55FE70268436B916912685C
:105D780003B11847704700BF90F84100704700BF53
:105D880090F84120202A23D15FFA82FC90F8402025
:105D98000346012A1CD00268242000B583F841007C
:105DA8004FF0000E106820F001001060106820F419
:105DB800805010601068014370461160116841F00E
:105DC8000101116083F841C083F840E05DF804FBED
:105DD8000220704790F84120202A22D1034600B5BE
:105DE8005FFA82FE90F84020012A1CD00268242025
:105DF8004FF0000C83F84100106820F0010010609B
:105E0800106820F4706040EA012160461160116852
:105E180041F00101116083F841E083F840C05DF86A
:105E280004FB0220704702205DF804FB2DE9F04FC7
:105E3800076889B00446384604F010F810B109B074
:105E4800BDE8F08F8246206803F0B8FF0028F6D03E
:105E5800206803F0B3FF10F0020F206803D04369F5
:105E680003F00203436103F0A9FF10F4002B20683C
:105E780040F0508103F0A2FF10F4802F206840F01A
:105E8800EB8003F09BFF002874DB206803F096FF8B
:105E9800000564D4206803F091FF020114D522683C
:105EA800536903F00063536194F8F433002B40F016
:105EB80095810121204684F8F413536DC3F38303BD
:105EC800C4F8F83300F024FC206803F077FFC3041B
:105ED8007BD4206803F072FF10F4005F20685DD166
:105EE80003F06CFF10F0100F206812D0836923F0C4
:105EF800100383613D6AC5F3434305F00F06022B87
:105F080000F03182062B00F07F81836943F0100393
:105F1800836103F053FF070700F15781206803F0FE
:105F28004DFFC60200F14681206803F047FF850255
:105F380000F13581206803F041FF400000F126811F
:105F4800206803F03BFF41077FF579AF23685D6860
:105F58006A0700F129825A682A435A606FE7D7F81E
:105F68000838D90700F11C822068436903F40063EC
:105F7800436190E7D7F8043823F00103C7F80438E1
:105F880094F8F433012B00F038812046FDF7DAFB52
:105F98002068436903F00043436177E703F062FF39
:105FA800206803F047FC2568E06001F0E5FC227BEF
:105FB8000146284603F0A2FB2046FDF799FB20681E
:105FC800436903F4005343618AE7D7F80438102182
:105FD800206807F5006523F001036B6003F010FCEF
:105FE8006068B0B107F510634FF67F3199600AF128
:105FF800010A1A682033824522F4001243F8202C43
:10600800C3F8E811D3F8E02122F40012C3F8E02124
:10601800ECD1EB6943F00113EB61236B002B40F0EB
:10602800E1806A6942F22B0313436B612B6943F0E9
:106038000B032B61D7F8003804F57172217C23F427
:10604800FE632068C7F8003803F028FF206843691A
:1060580003F4805343613DE703F0C8FE804620689F
:10606800B8F1000F00F0E580264607F510694FF0FB
:10607800000BCDE9037A09E05FEA58080BF1010B40
:1060880006F11C0609F1200900F0D58018F0010F6F
:10609800F2D05FFA8BF7394603F0C4FEC307054612
:1060A8001FD50BF00F03039901229A40D1F8343819
:1060B80023EA0203C1F834380123C9F808302369F8
:1060C800012B03D1D6E911231344B3643946204682
:1060D800FDF700FB2369012B03D1BBF1000F00F092
:1060E800AC81280702D50823C9F80830E90602D58B
:1060F8001023C9F808306A0602D54023C9F80830C9
:10610800AB0702D50223C9F808302D0600F1C68076
:106118002068B1E703F05CFE05462068002D00F01A
:10612800868007F53066A1464FF0000B049707E01C
:106138006D080BF1010B06F1200609F11C097DD051
:10614800EB07F5D55FFA8BF1039103F05DFE10F0D4
:10615800010F8046039973D118F0080F40F0F280C0
:10616800206818F0100F01D01023B36018F0200F2A
:1061780005D02169012900F05A812023B36018F461
:10618800005FD5D04FF40053B360D1E72046FDF748
:10619800E5FA2068436903F080434361D1E620466D
:1061A8005FFA8BF1FDF7D2FA2068436903F4001314
:1061B8004361C0E620465FFA8BF1FDF7CBFA206811
:1061C800436903F480134361AFE62046FDF78CFA78
:1061D8002068436903F008034361A0E62046FDF701
:1061E80099FA71E6D5F8843043F00B03C5F884308A
:1061F8006B6C43F00B036B641CE70021204684F8AA
:10620800F41300F085FAC3E6C6EBC606082204F5C7
:106218007171384603F050FDC5F30A1304EB86028A
:106228002068D2F814120B44C2F814326DE6AB465B
:1062380020E6C34625E6DDE9037A22E6049F19E64F
:10624800206801232769B36000F53063012FD0F877
:1062580040E003EB4B139A6800F0C580984FBE45A9
:1062680040F0BD80170440F1B6804FF4004218F0AA
:10627800080F9A603FF475AF026C986890498A429B
:1062880000F0978020460392FDF714FA8D4B039A8D
:106298009A4200F296800823B36061E7D6E9145366
:1062A800D4F800A0AB4250463FF6E6AE0AF51062BD
:1062B800716CCDF81CA002EB4B120592EA1A8A42C7
:1062C80028BF0A4605998969033289B2B1EB920F52
:1062D800C0F0A980CDF81890C146A046059C1AE0E8
:1062E800736C3A46B16C50469D4228BF1D4698F8DB
:1062F80010300093ABB203F0C9FCB36CA1692B4416
:1063080089B2B364736D2B440335B1EB950F736594
:10631800C0F08180356D9D42A5EB0305E0D8444669
:10632800C846DDF81890D4F800A0079B0122504613
:1063380003F500610BF00F039A404B6B23EA02034D
:106348004B6399E62268216902F53063126C0129D2
:1063580003EB4B13986891D15A498A4229D82046B1
:10636800FDF7A8F997E747F6F0731D423FF4CDAD66
:10637800C6EBC606C5F30A12384604EB8606154670
:10638800D6F8081203F098FCD6F8083220682B4497
:10639800C6F80832D6F814322B44C6F81432B4E5DD
:1063A8002046FDF7B7F9DFE52046FDF7DBF923685E
:1063B800D1E5020402D54FF400429A602046FDF769
:1063C80079F9216901297FF466AF04F571722068B3
:1063D80003F064FD5FE7900601D520229A6020460D
:1063E800FDF76EF9B8E6170732D536498E4504D958
:1063F800120402D54FF400429A6020460393FDF739
:1064080059F904F571720121206803F047FD08224B
:10641800039B9A60A0E64446356DC846DDF818909F
:10642800D4F800A050469D423FF626AE7DE704F51D
:10643800717203F033FD20689FE6236D002B7FF413
:1064480050AE04F571720121206803F027FD48E67B
:10645800970608D520229A6018F0080F3FF481AEFD
:10646800026C986878E712F0280FF5D1154FBE45F1
:1064780005D9120403D54FF400429A60ECE71B6972
:106488002046D9F80422C3F31203D31AC9F81432E8
:10649800D9F808321344C9F80832FDF711F9BBF1ED
:1064A800000F7FF459AED4F81032002B7FF454AEAD
:1064B80004F571720121206803F0F0FC4CE600BF7E
:1064C8000A31544F0A30544F90F8BC23012A0ED099
:1064D800012210B50446006884F8381084F8BC23FB
:1064E80003F05AFC0023184684F8BC3310BD022080
:1064F800704700BF10B501F00F0E0906044627D4F7
:106508004FF01C0C0CFB0E0C0CF5FE71CEEBCE0CF8
:1065180000EB8C0C00208CF8FD018A604A7881F829
:1065280000E0CB700AB1A1F806E0022B01D10023EC
:106538000B7194F8BC33012B18D00123206884F820
:10654800BC3303F089F90023184684F8BC3310BD26
:106558001C204FF0010C00FB0E4000F13C01CEEB7B
:10656800CE0004EB800080F83DC0D6E7022010BDC5
:1065780010B501F00F041C21C4EBC40C01FB04018D
:1065880000EB8C0C01F5FE71CCF810320023CCF82E
:1065980008228CF8FC41CCF814328CF8FD310369E0
:1065A8000068012B08BFCCF80C22DAB21CB903F042
:1065B800B3FA002010BD03F097F9002010BD00BF0A
:1065C80010B501F00F041C21C4EBC40C01FB04013D
:1065D80000EB8C0C3C31CCF850300023CCF8482030
:1065E800CCF8543001238CF83C408CF83D300369DA
:1065F8000068012B08BFCCF84C20DAB21CB903F0B4
:106608008BFA002010BD03F06FF9002010BD00BF09
:1066180038B5436801F00F059D4234D80B0604468F
:106628001DD41C22C1EBC10302FB010100EB830353
:10663800002201F5FE7183F8FD2101230D708B7096
:1066480094F8BC239A421CD0206884F8BC3303F029
:1066580043FBD5B10023184684F8BC3338BD1C2150
:10666800C5EBC503012201FB050100EB83033C31A7
:1066780083F83D2001230D708B7094F8BC239A4257
:10668800E2D1022038BD012038BD04F57172217CA9
:10669800206803F003FCDDE7426838B501F00F031A
:1066A800934232D811F0800F04464FF01C01C3EB1F
:1066B800C30219D101FB0341002004EB820200252B
:1066C80001F5FE7182F8FD010B708D7094F8BC33F2
:1066D800012B18D00123206884F8BC3303F030FB69
:1066E800284684F8BC5338BD01FB0341012004EB64
:1066F800820200253C3182F83D000B708D7094F8C1
:10670800BC33012BE6D1022038BD012038BD00BFC3
:10671800704700BF38B5114BDA68520704D4DB68FC
:1067280003F00703834214D10C4CE36823F00703FA
:106738001843E060FDF7C6F9054605E0FDF7C2F924
:10674800401BB0F57A7F06D863689B04F6D5002015
:1067580038BD012038BD032038BD00BF00480258AD
:10676800024AD36843F08073D360704700480258E8
:1067780070B44D6A15B1B2F1406F3AD18B691BB351
:106788000C6A002C4CD08E680068C661CE69002E59
:1067980069D02B4313432343CC6A334323430C6B05
:1067A80023434C6B23430C692343CC6823430C6875
:1067B80023434C69B2F1406F43EA8443436165D097
:1067C8004B6870BC836170470B6ABBB100682B4390
:1067D8008C68CE69C461002E6BD01343CC6A3343F6
:1067E80023430C6B23434C6B23430C692343CC6832
:1067F800DEE78B6A0468013B2361BFE7CB69002BA6
:1068080066D1002D42D0CB6A0C6B2B430068134332
:106818004A6923434C6B234343EA8243436135E08F
:10682800CC6945EA030C002C32D003684CEA02001C
:10683800B2F1406F40EA0400CC6A40EA04000C6BF5
:1068480040EA04004C6B40EA0400CC6840EA0400CB
:106858000C6840EA04004C6940EA8440586115D04D
:106868004A689A6112E045EA030C0D694CEA020392
:10687800CA6A23431343D1E90C4223430C681343E8
:106888004A692B43234343EA8243436170BC704700
:10689800CC6A4CEA020300682343D1E90C42234343
:1068A8000C6813434A69234343EA824370BC43613B
:1068B8007047CC6A13432343D1E90C422343134363
:1068C800D1E90442234343EA824370BC43617047E1
:1068D8002B43CD6A0C6B134300682B4323434C6B4B
:1068E80084E700BF70B50446FDF7ECF8002C54D0DF
:1068F80094F84030012B52D00123064684F84030EA
:1069080094F8413003F0FF02002B34D0A56C2268C4
:10691800A1681368013923F4706343EA0123136003
:1069280001E06B1C31D1936813F02003F9D1E069C1
:10693800E16815680143206A0143606841EA006123
:106948001C482840014360691160A16955680143EA
:10695800206941EA004118482840012501431846AA
:106968005160116829431160636484F84150002321
:1069780084F8403070BD204684F84020FBF794FF2F
:1069880041F288331D46A364C1E7FDF79BF8801BDD
:10699800A84206D82DB12268C5E7012070BD0220A3
:1069A80070BD0423012084F84130636C03436364A1
:1069B800DDE700BF2FFFFF00FEF8E0FFC8B110B50C
:1069C80090F840300446012B11D00268012380F86A
:1069D8004030136823F001031360FBF7F3FF002333
:1069E8006364184684F8413084F8403010BD0220B2
:1069F80010BD0120704700BF2DE9F04104460E4646
:106A08001546FDF75FF894F84030012B3AD0012382
:106A180084F8403094F84130012BDFB206D00227C9
:106A28000023384684F84030BDE8F08100238046D2
:106A38006364022384F84130681C23680ED19A6885
:106A480012F02002FBD131462046FFF791FE736A0F
:106A5800E3B10123002784F84130E1E79A6812F096
:106A680020021ED0FDF72EF8A0EB0800854201D3C6
:106A7800002DE1D1042384F84130636C43F0010315
:106A88006364CDE702273846BDE8F0812268936841
:106A98009B07FCD5022101230027D16084F84130EF
:106AA800BEE731462046FFF763FE736A43B1D0E77D
:106AB800FDF708F8A0EB08008542DBD3002DD9D0FC
:106AC800226893689907F3D5E4E700BF2DE9F843F6
:106AD800044689461546FCF7F5FF94F840302768C8
:106AE800012B67D0012384F8403094F84130012B02
:106AF8005FFA83F807D04FF002080023404684F875
:106B08004030BDE8F88300236364B9F1000F56D024
:106B18001223064684F841303B690133E3623B693E
:106B2800C4F824900133A3627B6923F040637B613E
:106B3800E36A002B31D06A1C394611D18B685B0798
:106B4800FCD5636A1B7887F82030E26A636A013AE9
:106B58000133E262E26A6362F2B16A1C2168EDD035
:106B68008B685807EDD4FCF7ADFF801B854201D335
:106B7800002DF2D1042384F84130636C43F0010303
:106B8800636413E0BB689B070CD4FCF79BFF801B76
:106B98008542EFD3002DEDD02768691CF2D1BB6880
:106BA8009A07FCD502234FF00008FB60012384F804
:106BB8004130A2E74FF002084046BDE8F883636C15
:106BC80043F00803636498E72DE9F8430446154643
:106BD8008946FCF777FF2768BA6994F84030012B9B
:106BE8006CD0012384F8403094F84130012B5FFACF
:106BF80083F807D04FF002080023404684F840305D
:106C0800BDE8F88300236364B9F1000F5BD0222349
:106C1800064684F841303B690133A3633B69C4F8F5
:106C28003090013363637B6923F0406343F08063F2
:106C38007B61BA61A36B002B33D0681C394612D133
:106C48008B6813F0060FFBD097F82020236B1A707F
:106C5800A26B236B013A0133A263A26B2363FAB1DF
:106C6800681C2168ECD08B6813F0060FECD1FCF798
:106C780029FF801B854201D3002DF1D1042384F81C
:106C88004130636C43F00103636413E0BB689B0706
:106C98000CD4FCF717FF801B8542EFD3002DEDD0F5
:106CA8002768691CF2D1BB689A07FCD502234FF00C
:106CB8000008FB60012384F841309DE74FF002088B
:106CC8004046BDE8F883636C43F00803636493E7C8
:106CD8002DE9F84F04461F4689469046FCF7F2FE18
:106CE80094F84030012B52D0012384F8403094F8B6
:106CF8004130012B5FFA83FB07D04FF0020B0023D2
:106D0800584684F84030BDE8F88F00238246636413
:106D1800422384F841307A1C26682CD1B568AB062A
:106D2800FCD4D8F8003049462046B362D8F804307D
:106D38007362D8F80830F3623268D8F8103022F459
:106D480040021343D8F80C2043F480033360C9F899
:106D580028204FF00062FFF70BFD781C22681BD13A
:106D680093681907FCD5082101234FF0000BD16067
:106D780084F84130C3E7B3689D06D2D5FCF7A2FE7C
:106D8800A0EB0A00874212D3002FC4D10FE04FF0C6
:106D9800020B5846BDE8F88F93681B07E3D4FCF74D
:106DA80091FEA0EB0A00874201D3002FD5D104231E
:106DB80084F84130636C43F0010363649FE700BFCC
:106DC8002DE9F04704460F461646FCF77BFE94F87B
:106DD8004030012B45D0012384F8403094F84130ED
:106DE800012B5FFA83F907D04FF0020900234846C8
:106DF80084F84030BDE8F08700238046D4F848A0E6
:106E08006364822384F84130BAF1FF3F256814D1C6
:106E1800AB689A06FCD42B68726823F00803082A2A
:106E280043EA02032B6021D04FF0406239462046E6
:106E38004FF00009FFF79CFCD8E7AB689B06EAD542
:106E4800FCF740FEA0EB0800824502D3BAF1000F20
:106E5800DAD1042384F84130636C43F0010363649E
:106E6800C4E74FF002094846BDE8F08732681023AE
:106E78002A63EB602B6843F480132B60D4E700BFD0
:106E8800704700BF08B5006C00238363C36290F8A5
:106E98004130082B0BD103680222DA601A6842F4E9
:106EA80000321A601A6842F002021A6008BD012313
:106EB80080F84130FFF7E4FF08BD00BF704700BF0E
:106EC800704700BF704700BF704700BF704700BFE2
:106ED800704700BF704700BF38B5036804469A681A
:106EE800196855070ED548030CD594F84120122A85
:106EF80075D094F84120222A00F0A1802046FFF79F
:106F0800E5FF38BD950726D5880324D50222DA6027
:106F18001A6822F4E0221A6094F84120122A7AD0E2
:106F280094F84120222A00F0A98094F84120022AEE
:106F380000F0D08094F84120082AE2D15A69012152
:106F4800204622F040625A6184F84110636C3BBBD2
:106F5800FFF7B4FF38BD150725D4D50735D5C803C5
:106F680033D50125DD601A6822F470221A60626C3C
:106F780042F0020262641A68520779D51A68E06B17
:106F880022F004021A60574B836505F0CBFD0028F8
:106F9800B7D0636C204643F00403636484F841501F
:106FA800FFF76EFF38BD0803D7D50822DA601A68E4
:106FB800520206D51A68012122F410221A6084F8B8
:106FC80041102046FFF784FF38BDD00699D5CA0284
:106FD80097D510222046DA60FFF77CFF38BD9A6803
:106FE80050078BD518460EE0626A127883F8202085
:106FF800E16A20680139626AE1620132816862628D
:107008004D077FF57BAFE26A002AEDD1036823F4D0
:107018008023036072E71A68510709D51A68E16B83
:1070280022F0040209681A60CB6823F00103CB60E0
:107038000123204684F84130FFF746FF38BD9A689F
:1070480052077FF55BAF18460EE093F82010226BCD
:107058001170A16B20680139226BA163013281682C
:10706800226349077FF54AAFA26B002AEDD1CDE72D
:10707800204684F84150FFF703FF38BD1A685207CD
:107088001DD49A6812F47C5F0FD111E093F8201098
:10709800226B1170A16B20680139226BA163013248
:1070A8008168226311F47C5F02D0A26B002AEDD1C3
:1070B8000123204684F84130FFF704FF38BD1A68E1
:1070C800E16B22F0040209681A60CB6823F001031F
:1070D800CB60EDE70123204684F84130FFF7F0FE4E
:1070E80038BD00BF8D6E0008002800F0DE81F8B5BD
:1070F80003680446D80730D59F490A69896A02F0AF
:107108003802102A00F00081182A00F0F88063681D
:10711800B3F5803F00F02081002B00F05E81B3F5CD
:10712800A02F954B1A6800F02F8222F480321A6043
:107138001A6822F480221A60FCF7C4FC8E4E41F2D1
:107148008837054605E0FCF7BDFC401BB84200F255
:10715800428133689A03F6D523689D0700F185803C
:10716800D9062FD5844A1369926A03F03803082B8D
:1071780000F0DA80182B00F0D280E3697E4D002BF6
:1071880000F065812B6843F080032B60FCF79AFCC4
:10719800064605E0FCF796FC801B022800F21B81DE
:1071A8002B68DB05F6D5FCF7A5FC41F203039842F2
:1071B80000F20B826B68226A23F0F84343EA826389
:1071C8006B6023681D0716D563696B4D002B00F0B3
:1071D8001C816B6F43F001036B67FCF773FC064679
:1071E80005E0FCF76FFC801B022800F2F4806B6F4F
:1071F8009807F6D523689A0616D5A3695E4D002B25
:1072080000F014812B6843F480532B60FCF75AFC80
:10721800064605E0FCF756FC801B022800F2DB80DE
:107228002B689F04F6D52368590700F19B80636A91
:10723800CBB1514D2A6902F03802182A6DD0022BC1
:107248002B6823F080732B6000F03981FCF73AFC3F
:10725800044605E0FCF736FC001B022800F2BB8060
:107268002B689B01F6D40020F8BD434A1369926A43
:1072780013F0380329D1404BE2681B68590701D540
:10728800002A4AD03C4D2B6823F0190313432B6086
:10729800FCF718FC064605E0FCF714FC801B0228E6
:1072A80000F299802B685B07F6D5FCF723FC41F2C6
:1072B8000303226998426B6800F2F08023F47C3360
:1072C80043EA02336B6023684AE7182B00F0E28038
:1072D800294DE2682B68002A00F0CB8023F01903BF
:1072E80013432B60FCF7EEFB064604E0FCF7EAFBD1
:1072F800801B02286FD82B685F07F7D5D5E701F008
:10730800030102297FF403AF1B4A126891037FF53A
:1073180024AF6268002A7FF420AF0120F8BD02F094
:107328000302012A7FF429AF134B1B68DA0502D543
:10733800E369802BF1D1FCF7DDFB41F203030E4A30
:107348009842216A00F2B380536823F0F84343EA75
:1073580081635360236835E7074A136843F4803331
:107368001360E9E6054D2B6843F480732B60FCF746
:10737800A9FB064609E000BF00440258004802582D
:10738800FCF7A0FB801B642825D82B68DA05F7D505
:10739800A368012B00F02281002B00F0FD80052B53
:1073A800954B1A6F00F0208122F001021A671A6FBC
:1073B80022F004021A67FCF785FB8F4E41F28837EA
:1073C800054604E0FCF77EFB401BB84203D8336F48
:1073D8009B07F7D52BE70320F8BD874D41F2883787
:1073E8002B6823F480332B602B6823F480232B60D5
:1073F800FCF768FB064604E0FCF764FB801BB84218
:10740800E9D82B689B03F7D4A6E66B6F23F001033A
:107418006B67FCF757FB064604E0FCF753FB801B41
:107428000228D8D86B6F9907F7D4E3E62B6823F4C2
:1074380080532B60FCF746FB064604E0FCF742FB52
:10744800801B0228C7D82B689804F7D4EBE62B6872
:1074580023F080032B60FCF735FB064604E0FCF7BD
:1074680031FB801B0228B6D82B68DF05F7D42368C8
:10747800A8E623F001032B60FCF724FB064604E092
:10748800FCF720FB801B0228A5D82B685807F7D4E7
:10749800236865E690077FF41BAFECE623F0FE4314
:1074A80043EA02636B6023685AE601207047D36899
:1074B80023F07C5343EA0163D360236882E6FCF738
:1074C80001FB064604E0FCF7FDFA801B022882D87F
:1074D8002B689901F7D4A96A484BA26A0B4048491E
:1074E800454E1343E26A43EA0213AB62D4E90D3214
:1074F800013B013A5B0212049BB202F4FE02134301
:10750800226B013AC2F308021343E26B013A1206F6
:1075180002F0FE4213432B63EB6A23F00103EB6294
:107528006A6BA36C114041EAC3016963EB6A226C80
:1075380023F00C031343EB62EB6A626C23F0020343
:107548001343EB62EB6A43F48033EB62EB6A43F478
:107558000033EB62EB6A43F48023EB62EB6A43F09F
:107568000103EB622B6843F080732B60FCF7AAFAE7
:10757800044605E0FCF7A6FA001B02283FF62BAFED
:1075880033689A01F6D56EE642F480221A601A68CA
:1075980042F480321A60CFE5174D41F288372B6FDD
:1075A80023F001032B672B6F23F004032B67FCF7F1
:1075B80089FA064605E0FCF785FA801BB8423FF6D3
:1075C8000AAF2B6F9807F6D431E6EB68226A23F0EE
:1075D8007C5343EA0263EB602368F3E5064A136FC2
:1075E80043F001031367E6E642F004021A671A6FD4
:1075F80042F001021A67DEE6004402580CFCFFFF65
:107608000700FFFF474A136903F03803102B04D023
:10761800182B0DD01BB14448704744487047136875
:1076280099064AD513684248C3F3C103D840704746
:10763800936A30B4946AD56A14F47C7F516BC4F3AE
:10764800051038D0C1F3CC0105F0010503F00303A0
:1076580005FB01F1012B07EE901AB8EEE77A02D08C
:10766800022B2CD093B307EE900A9FED325AF8EE16
:10767800E77A136BC5EE276ADFED2F5AC3F30803C9
:1076880007EE903AB7EE006AF8EEE77AE7EE257A69
:1076980077EE867A66EEA76A224B1B6BC3F3462306
:1076A800013307EE903AB8EEE77AC6EE877AFCEE39
:1076B800E77A17EE900A30BC70471D48704707EE0E
:1076C800900A9FED1E5AF8EEE77AD2E713689B06F8
:1076D80020D5146807EE900A1549F7EE005A136B87
:1076E800C4F3C104F8EEE77A9FED135AC3F3080315
:1076F800E14006EE903A06EE101AF8EEE66AB8EEA9
:10770800C66AE7EE056A86EE277A76EEA56A66EE21
:10771800876AC1E707EE900A9FED095AF8EEE77A03
:10772800A7E700BF0044025800093D000024F40008
:107738000090D0030024744A000000390024744BE0
:107748000024744C002800F00281874A136803F073
:107758000F038B422DE9F04104460D460CD2136805
:1077680023F00F030B431360136803F00F038B42DE
:1077780002D00120BDE8F08123685F070BD57B4963
:1077880020698A6902F07002904204D98A6922F05D
:10779800700202438A611E070BD574496069CA6981
:1077A80002F07002904204D9CA6922F070020243C2
:1077B800CA61D8060BD56D49A069CA6902F4E062AE
:1077C800904204D9CA6922F4E0620243CA61990668
:1077D8000BD56649E0690A6A02F07002904204D942
:1077E8000A6A22F0700202430A629A0740F1A180F5
:1077F8005E48E168826902F00F02914204D9826909
:1078080022F00F020A438261D80730D5574AA1688F
:10781800936923F470630B439361616813680229C9
:1078280000F09780032900F08E80012900F09780EE
:1078380058079ED54D4E41F28838336923F0070327
:107848000B433361FCF73EF9074605E0FCF73AF9CC
:10785800C01B404500F281803369626803F0380339
:10786800B3EBC20FF2D12368990706D5E1683F4808
:10787800826902F00F028A425FD83B490A6802F027
:107888000F02AA420AD90A6822F00F022A430A60A4
:107898000A6802F00F02AA427FF46BAF5A070BD5B1
:1078A800324920698A6902F07002904204D28A69DA
:1078B80022F0700202438A611F070BD52B496069C9
:1078C800CA6902F07002904204D2CA6922F07002BA
:1078D8000243CA61DE060BD52449A069CA6902F4CD
:1078E800E062904204D2CA6922F4E0620243CA61AB
:1078F8009D060BD51D4AE169136A03F0700399428E
:1079080004D2136A23F070030B431362FFF77AFE65
:10791800164A0346164892691649C2F30322825C46
:107928000E2002F01F02D340BDE8F0410B60FCF7C7
:1079380067B8DA073FF56AAF9FE7826922F00F025E
:107948001143816199E79F013FF574AF11E7012069
:1079580070479B033FF56EAF0BE703200AE7DE0590
:107968003FF568AF05E700BF002000520044025809
:1079780020F700084C00002408B501F095F9064BE3
:1079880006499B69064A03F00F03CB5C03F01F030B
:10799800D840106008BD00BF0044025820F7000816
:1079A8005000002410B501F07FF90949094A8B6994
:1079B800094C03F00F03D35C03F01F03D840206089
:1079C800CB69C3F30213D35C03F01F03D84010BD87
:1079D8000044025820F700085000002410B501F0B8
:1079E80063F90949094A8B69094C03F00F03D35C11
:1079F80003F01F03D8402060CB69C3F30223D35C94
:107A080003F01F03D84010BD0044025820F70008B7
:107A180050000024F8B53A4CA36A03F00303032B83
:107A280067D0236806460F4623F080632360FCF77F
:107A380049F8054604E0FCF745F8431B022B56D8E5
:107A480023681A01F7D4A36A326823F47C3343EA23
:107A58000233A362D6E90232013B013A5B02120407
:107A68009BB202F4FE0213437268013AC2F30802A1
:107A780013433269013A120602F0FE421343A3632C
:107A8800E36A726923F0C0031343E362E26AB369ED
:107A980022F020021A431B4BE262E26A22F0100233
:107AA800E262E16BF2690B4043EAC203E363E36A13
:107AB80043F01003E362E36AEFB1012F0CBF43F414
:107AC800801343F40013E3620D4C236843F0806392
:107AD8002360FBF7F7FF054604E0FBF7F3FF401BC5
:107AE800022804D823681B01F7D50020F8BD03201D
:107AF800F8BD0120F8BD43F40023E362E4E700BFCA
:107B0800004402580700FFFFF8B53A4CA36A03F097
:107B18000303032B67D0236806460F4623F08053E0
:107B28002360FBF7CFFF054604E0FBF7CBFF431BC1
:107B3800022B56D823689A00F7D4A36A326823F038
:107B48007C7343EA0253A362D6E90232013B013A4D
:107B58005B0212049BB202F4FE0213437268013AFC
:107B6800C2F3080213433269013A120602F0FE42D8
:107B780013432364E36A726923F440631343E362A3
:107B8800E26AB36922F400721A431B4BE262E26AAA
:107B980022F48072E262616CF2690B4043EAC2032C
:107BA8006364E36A43F48073E362E36AEFB1012F2D
:107BB8000CBF43F4000343F08073E3620D4C236869
:107BC80043F080532360FBF77DFF054604E0FBF795
:107BD80079FF401B022804D823689B00F7D50020B2
:107BE800F8BD0320F8BD0120F8BD43F48003E3622B
:107BF800E4E700BF004402580700FFFF2DE9F843FF
:107C08000368044613F0006622D0426EB2F5001FE6
:107C180000F0CE8411D8002A00F0F884B2F5801F55
:107C280040F0F18402210430FFF7F4FE0646002EEE
:107C380040F08684626E236803E0B2F5401F40F08E
:107C4800E284A8480026016D21F440110A43026528
:107C5800DD050AD5626D042A06D8DFE812F0A20411
:107C680093049A04DF02DF020126354698051BD5E6
:107C7800A26D802A00F05B8400F2EC80002A00F0FC
:107C88008B83402A40F0ED800021201DFFF7C2FEC3
:107C980023680546002D40F067839249A06D0A6D60
:107CA80022F4E07202430A6559051FD5D4F8A420CE
:107CB800B2F5800F00F0478400F2D680002A00F069
:107CC8007183B2F5001F40F0D7800021201DFFF717
:107CD800A1FE23680546002D40F044838149D4F86D
:107CE800A4008A6D22F4600202438A651A051FD532
:107CF800D4F8A820B2F1007F00F02E8400F2BF80F3
:107D0800002A00F05583B2F1807F40F0C080002146
:107D1800201DFFF77FFE23680546002D40F02A83CB
:107D28007049D4F8A8008A6D22F0E06202438A659F
:107D38009F0118D5A26C202A00F0DA8300F2AA80ED
:107D48003AB1102A40F0A9806649CA6A42F4003262
:107D5800CA62002D40F059836249A06CCA6C22F0B7
:107D680030020243CA64D8041DD5E26DB2F5005F43
:107D780000F0FB8300F29480002A00F01F83B2F524
:107D8800805F40F095800021201DFFF743FE2368A7
:107D98000546002D40F0EC825249E06D0A6D22F450
:107DA800E04202430A6599041AD5226EB2F5003FF3
:107DB80000F074837FD84AB1B2F5803F40F08380E9
:107DC8000121201DFFF726FE23680546002D40F0FF
:107DD8001E834449206E0A6D22F4E02202430A659C
:107DE8005A041BD5D4F8AC20B2F1005F00F06083D0
:107DF8006CD842B1B2F1805F70D10121201DFFF72C
:107E080009FE23680546002D40F003833549D4F860
:107E1800AC008A6D22F0E04202438A651F040DD54A
:107E2800E26EB2F1805F00F03183B2F1005F00F0E2
:107E38000182002A00F0048201263546D8015DD56A
:107E4800626C032A00F20A84DFE812F05400170378
:107E58004E005400C02A3FF41DAFB2F5807F3FF4B6
:107E680019AF012635461FE7B2F5C00F3FF433AF0F
:107E7800B2F5000F3FF42FAF0126354636E7B2F1D1
:107E8800407F3FF44AAFB2F1806F3FF446AF01261E
:107E980035464DE7302A3FF45CAF0126354662E7A8
:107EA800B2F5405F3FF475AFB2F5804F3FF471AF64
:107EB8000126354677E722F48031B1F5802F85D049
:107EC800B2F5403F82D00126354689E722F080513D
:107ED800B1F1804F97D0B2F1405F94D0012635467A
:107EE8009CE700BF004402580221201DFFF792FDC5
:107EF80023680546002D00F06B822E46590200F1DA
:107F0800F081DF072FD5A26F282A2AD8DFE812F0E0
:107F1800D301290029002900290029002900290066
:107F28006D032900290029002900290029002900BA
:107F3800CC0129002900290029002900290029004D
:107F4800D301290029002900290029002900290036
:107F5800D301290029002900290029002900290026
:107F6800D30101263546980716D5626F052A00F217
:107F78007883DFE812F00D00300306000D000D00D5
:107F88000D00012104F12400FFF7BEFD236805461A
:107F9800002D00F025822E46590717D5D4F89020D9
:107FA800052A00F26183DFE812F00D000C030600D9
:107FB8000D000D000D00012104F12400FFF7A4FDC0
:107FC80023680546002D00F013822E469A061DD51B
:107FD800D4F88C20B2F1005F00F0458200F2DC801A
:107FE8004AB1B2F1805F40F0E1800021201DFFF727
:107FF80011FD23680546002D40F00582A949D4F8F3
:108008008C004A6D22F0E04202434A655F061DD5A6
:10801800D4F89820B2F5006F00F0548200F2C980BD
:108028004AB1B2F5806F40F0CE800021201DFFF7E5
:10803800F1FC23680546002D40F0C8819949D4F821
:1080480098008A6D22F4E05202438A6518061DD50D
:10805800D4F89C20B2F5804F00F03F8200F2B68041
:108068004AB1B2F5005F40F0BB800021201DFFF748
:10807800D1FC23680546002D40F0A6818949D4F833
:108088009C008A6D22F4604202438A6519070BD569
:10809800D4F88010B1F5805F00F03E828148426DCF
:1080A80022F440520A434265DA060BD5D4F89410FC
:1080B800B1F5807F00F025827A48826D22F4407203
:1080C8000A4382651F030ED5D4F8A010B1F5803F8E
:1080D80000F0D480B1F5003F00F0D780002900F00F
:1080E800BA810126354658030FD5D4F88420B2F555
:1080F800001F00F0B080B2F5401F00F0B380B2F569
:10810800801F00F0A08101263546D90309D5E26C0D
:10811800002A00F08681B2F5803F00F02D8101260B
:1081280035469A0000F1D2809F035CD4301E18BFF8
:108138000120DE0206D55B49256F0A6D22F0004258
:108148002A430A65DD0007D55649D4F8B4500A69B0
:1081580022F480422A430A61990206D55149A56E44
:108168000A6D22F080722A430A655A0009D54D4AE1
:10817800116921F4004111611169D4F8B8502943FB
:108188001161002B06DA474A216DD36C23F0405366
:108198000B43D364BDE8F88322F08051B1F1804FDE
:1081A8003FF429AFB2F1405F3FF425AF01263546D1
:1081B8002CE722F48061B1F5805F3FF43CAFB2F563
:1081C800406F3FF438AF012635463FE722F40051AF
:1081D800B1F5004F3FF44FAFB2F5C04F3FF44BAF8E
:1081E8000126354652E7E26FB2F5807F00F0228122
:1081F80006D922F48071B1F5007F03D0012098E7F9
:10820800002AFBD1002DF9D1264D301E696D18BF0B
:10821800012021F440710A436A658AE73546002D3A
:1082280040F0A4801F49606D0A6D22F007020243E6
:108238000A651BE50121201DFFF7ECFB23680546B5
:10824800002D40F0DE801749E06E0A6D22F04052A2
:1082580002430A65F2E5012104F12400FFF754FC0A
:1082680023680546002D40F0DA800E49D4F88400D2
:108278004A6D22F4401202434A6546E7022104F19E
:108288002400FFF741FC23680546002D40F0C58017
:108298000449D4F8A0008A6D22F4403202438A656A
:1082A80021E700BF00440258012104F12400FFF730
:1082B8002BFC23680546002D40F0AD80AF49A06F28
:1082C8004A6D22F0380202434A654CE6022104F165
:1082D8002400FFF719FC236800283FF425AF012686
:1082E80022E7A74F3B6843F480733B60FBF7EAFB48
:1082F800804606E0FBF7E6FBA0EB0800642800F2E6
:108308007E813B68DA05F5D5002D40F0A4819B4AB3
:10831800D4F8B030116F594011F4407F0BD0116F71
:10832800106F21F4407140F480301067106F20F412
:10833800803010671167B3F5807F00F06E8103F419
:108348004072B2F5407F00F07C818C490A6922F4C2
:108358007C520A61894AC3F30B03116F0B431367FD
:108368002368CEE52E46C1E42E469DE42E467DE4E4
:108378002E4618E52E46DBE40221201DFFF74AFBB6
:1083880005462368002D53D17C49E06CCA6C22F461
:1083980080320243CA64C4E67849CA6A42F40032A9
:1083A800CA6277E47549CA6A42F40032CA6292E442
:1083B8007249CA6A42F40032CA62AEE46F49CA6AB4
:1083C80042F40032CA62E4E42E465FE62E463DE6F9
:1083D8006A49606CCA6C22F003020243CA648DE5E4
:1083E8006649606F4A6D22F0070202434A65D3E589
:1083F8006249D4F890008A6D22F0070202438A6528
:10840800E4E52E461AE52E4600E62E46ABE42E4657
:10841800E6E42E4602E52E46A5E52E4663E62E4600
:1084280073E65649CA6A42F40032CA62002DABD0DC
:108438002E4676E65148C16A41F40031C162002DEA
:108448007FF4DCAEE0E64D49CA6A42F40032CA6203
:10845800002DE4D109E7201DFFF7DCFA0546236863
:10846800002DDAD114E7022104F12400FFF74CFBB8
:1084780005462368002DC6D1C0E54049CA6A42F4C2
:108488000032CA62002D7FF438ADA1E73B49CA6AC1
:1084980042F40032CA62002DB3D1D4E6012104F1BE
:1084A8002400FFF731FB05462368002DAFD190E487
:1084B800012104F12400FFF727FB05462368002D5E
:1084C800A7D1A3E4022104F12400FFF71DFB054610
:1084D8002368002D7FF47AAFB0E5022104F124006F
:1084E800FFF712FB05462368002D7FF46DAFC5E545
:1084F8000221201DFFF78EFA05462368002D84D13E
:108508002AE4022104F12400FFF7FEFA2368002878
:108518003FF4D8AD0126D5E5022104F12400FFF788
:10852800F3FA236800283FF4BFAD0126BCE500211B
:1085380004F12400FFF7E8FA23680546FFF7AABB11
:108548002368FFF785BB002104F12400FFF7DCFA5C
:1085580023680546FFF7BFBB002104F12400FFF79D
:10856800D3FA23680546FFF7D8BB002104F124009D
:10857800FFF7CAFA236805460BE400BF0044025817
:10858800004802580021201DFFF744FA23680546D9
:1085980045E6002104F12400FFF7B6FA23680546F2
:1085A8003DE633493546CA6A42F40032CA6236E6C5
:1085B80002212430FFF7A8FA0646002E3FF43AAB12
:1085C800BEE70121201DFFF725FA05462368002D87
:1085D8007FF4FBAC0CE70121201DFFF71BFA0546D1
:1085E8002368002D7FF4D7ACFAE60121201DFFF7A0
:1085F80011FA05462368002D7FF40DAF5EE60326C9
:10860800236835467DE40126FFF722BB1848C16A76
:1086180041F40031C162FFF714BBFBF753FADFF8EE
:108628005080074641F2883904E0FBF74BFAC01B3B
:108638004845E4D8D8F870309B07F6D5D4F8B03060
:108648007DE60B480B4A016902EA131221F47C51BA
:108658000A4302617EE623682E4652E40126354627
:108668004CE40126354697E401263546AEE400BFC2
:1086780000440258CFFFFF0008B5FFF77DF9054B0E
:10868800054A1B6AC3F30213D35C03F01F03D840E7
:1086980008BD00BF0044025820F70008584B70B4CA
:1086A800996A9D6ADE6A15F47C3FC5F30532DC6B76
:1086B8005CD0C4F3CC0406F0100601F0030106FBFD
:1086C80004F4012907EE904AB8EEE77A03D00229AC
:1086D80075D000294FD007EE902ADFED4A6AF8EEF0
:1086E800E77A9B6B86EEA76A9FED475AC3F30803A8
:1086F80006EE903AF7EE005AF8EEE66AE7EE056AFB
:1087080076EEA56A66EE266A3D4AB7EE006A936B76
:10871800C3F3462307EE103AB8EEC77A70BC37EEBB
:10872800067AC6EE877AFCEEE77AC0ED007A936B9C
:10873800C3F3064307EE103AB8EEC77A37EE067A67
:10874800C6EE877AFCEEE77AC0ED017A936BC3F345
:10875800066307EE903AF8EEE77A77EE867A86EEC9
:10876800A77ABCEEC77A80ED027A704770BCC0E980
:108778000022826070471968890627D51C6807EEB1
:10878800902A2249F7EE005A9B6BC4F3C102F8EE17
:10879800E77A9FED1D5AC3F30803D14006EE903ADD
:1087A80006EE101AF8EEE66AB8EEC66AE7EE056A53
:1087B80086EE277A76EEA56A66EE876AA4E707EE64
:1087C800902ADFED136AF8EEE77A8AE707EE902A37
:1087D8009FED105A9B6BB7EE006AF8EEE77ADFED73
:1087E8000A5AC3F30803C5EE276A07EE903AF8EE73
:1087F800E77AE7EE257A77EE867A66EEA76A83E768
:10880800004402580024744A000000390090D00344
:108818000024744B0024744C584B70B4996A9D6AB8
:10882800DE6A15F07C7FC5F305525C6C5CD0C4F33E
:10883800CC0406F4807601F0030106FB04F4012958
:1088480007EE904AB8EEE77A03D0022975D00029DE
:108858004FD007EE902ADFED4A6AF8EEE77A1B6CF4
:1088680086EEA76A9FED475AC3F3080306EE903ACF
:10887800F7EE005AF8EEE66AE7EE056A76EEA56AC4
:1088880066EE266A3D4AB7EE006A136CC3F34623C8
:1088980007EE103AB8EEC77A70BC37EE067AC6EE25
:1088A800877AFCEEE77AC0ED007A136CC3F30643CF
:1088B80007EE103AB8EEC77A37EE067AC6EE877A30
:1088C800FCEEE77AC0ED017A136CC3F3066307EE9A
:1088D800903AF8EEE77A77EE867A86EEA77ABCEEDB
:1088E800C77A80ED027A704770BCC0E900228260C6
:1088F80070471968890627D51C6807EE902A22490F
:10890800F7EE005A1B6CC4F3C102F8EEE77A9FED4C
:108918001D5AC3F30803D14006EE903A06EE101A2A
:10892800F8EEE66AB8EEC66AE7EE056A86EE277ADA
:1089380076EEA56A66EE876AA4E707EE902ADFED71
:10894800136AF8EEE77A8AE707EE902A9FED105A45
:108958001B6CB7EE006AF8EEE77ADFED0A5AC3F34C
:108968000803C5EE276A07EE903AF8EEE77AE7EED5
:10897800257A77EE867A66EEA76A83E7004402587E
:108988000024744A000000390090D0030024744B7E
:108998000024744C584B70B4996A9D6ADE6A15F4C9
:1089A8007C7FC5F305125C6B5CD0C4F3CC0406F085
:1089B800010601F0030106FB04F4012907EE904AC1
:1089C800B8EEE77A03D0022975D000294FD007EE18
:1089D800902ADFED4A6AF8EEE77A1B6B86EEA76A03
:1089E8009FED475AC3F3080306EE903AF7EE005A94
:1089F800F8EEE66AE7EE056A76EEA56A66EE266A9E
:108A08003D4AB7EE006A136BC3F3462307EE103AEC
:108A1800B8EEC77A70BC37EE067AC6EE877AFCEEF7
:108A2800E77AC0ED007A136BC3F3064307EE103AFA
:108A3800B8EEC77A37EE067AC6EE877AFCEEE77AA2
:108A4800C0ED017A136BC3F3066307EE903AF8EEB4
:108A5800E77A77EE867A86EEA77ABCEEC77A80ED5B
:108A6800027A704770BCC0E90022826070471968BA
:108A7800890627D51C6807EE902A2249F7EE005A86
:108A88001B6BC4F3C102F8EEE77A9FED1D5AC3F3DE
:108A98000803D14006EE903A06EE101AF8EEE66AA0
:108AA800B8EEC66AE7EE056A86EE277A76EEA56A1C
:108AB80066EE876AA4E707EE902ADFED136AF8EE00
:108AC800E77A8AE707EE902A9FED105A1B6BB7EEFC
:108AD800006AF8EEE77ADFED0A5AC3F30803C5EE39
:108AE800276A07EE903AF8EEE77AE7EE257A77EE0E
:108AF800867A66EEA76A83E7004402580024744A1F
:108B0800000000390090D0030024744B0024744CFA
:108B1800B0F5807F00B585B048D0B0F5007F11D0A2
:108B2800B0F5806F00F08280B0F5006F52D0B0F5DC
:108B3800805F2CD0B0F5002F00F09680002005B0A3
:108B48005DF804FB534A136D03F4E073802B59D08E
:108B580012D9C02B26D0B3F5807FEFD1D36C13F098
:108B680040535BD0B3F1805F00F08D80B3F1005FBC
:108B7800494818BF0020E2E7002B3CD0402BDDD14C
:108B880001A8FFF78BFD019805B05DF804FB414A89
:108B9800136D03F4E043B3F5005F33D029D9B3F57F
:108BA800405F58D13D4805B05DF804FB394B1B6D5B
:108BB80003F00703042BC1D801A252F823F000BF29
:108BC800FF8B0008898B00080D8C0008AD8B00080E
:108BD8001B8C00082F4A936D03F0E063B3F1007F0C
:108BE80010D01DD9B3F1407FDCD0B3F1806FB5D080
:108BF800A4E7002B34D101A8FFF7CCFE029805B0FA
:108C08005DF804FB01A8FFF707FE019805B05DF8C1
:108C180004FB204BDB6C13F04053A3D120488EE7B4
:108C2800002BE8D0B3F1807FAAD087E7194A936D6B
:108C380003F46003B3F5800FE4D005D8002BDAD035
:108C4800B3F5001F9CD079E7B3F5C00FAAD0B3F5F0
:108C5800000F83D072E7B3F5804F3FF47FAF6DE725
:108C6800B3F5805F8CD069E70A4A936D03F440330B
:108C7800B3F5803F09D0B3F5003F3FF46FAF002B49
:108C88007FF45CAF7CE7074859E701A8FFF7C4FD0C
:108C9800039854E7004402580024F4000080BB0005
:108CA8000090D00300093D0008B5FEF7ABFC064B69
:108CB80006499B69064AC3F30323CB5C03F01F03F1
:108CC800D840106008BD00BF0044025820F70008D3
:108CD8004C000024F8B501680546AC4B99421FD0FA
:108CE800203399421CD003F57873994258D0203329
:108CF800994255D003F57873994200F01E812033CC
:108D0800994200F01A8195F89130A14E03F0FF02C4
:108D18006BB9284685F89020F9F73CFF296806E0EA
:108D28009C4E95F8913003F0FF02002BF1D09A4B3E
:108D38009A4A1B68A2FB03230A681B0B22F48032A1
:108D48009B000A6023B30C68013B14F48034F9D10A
:108D5800022385F89130EB68012B00F01081022B7B
:108D680015BF032023200227222715BF4FF0010C2F
:108D78004FF0210C00222022AB68013B042B00F2AB
:108D88004B81DFE813F0CF001000D6000F00D200AF
:108D9800D5F89430012043F04003C5F89430F8BD6D
:108DA8007F4EBEE73A464FF400672B6A3260002BCD
:108DB80044D0764B994200F01E817A48081AB0FADE
:108DC80080F04009002840F01681774B994200F066
:108DD8000C812033994200F00881744B994200F0CD
:108DE800FE802033994200F0FA80714B994200F0DE
:108DF8000881704B994200F00A81AB6900EB800052
:108E0800B3F5002F4FEA400300F0E280AA6A296A0E
:108E1800B2F1806F0CBF0222012201FB02F21202A2
:108E2800B3FBF2F3644AA2FB0312D20802EB8201FD
:108E3800A3EB4103092B08BF01326A626B6833F068
:108E480002032B6D40F09680012B14BF4FF4007481
:108E58000024FAF74FFE696CB0F5005FD5E90032DF
:108E680042EA0102A96C42EA0102E96C42EA010203
:108E7800E96A42EA0102696942EA010272D3A96910
:108E880018680A43A96A0A434C49014019602969CC
:108E98000A4319680A43696A42EA015248493A434F
:108EA80022431A605A68286B1140EA690243686BCA
:108EB8005960024359680A4342495A609A68114006
:108EC8006A6E9960E96D98680A43296E0A43696D6C
:108ED80001390A43A96D013942EA012202434FF2DE
:108EE80020009A60D968AA6E0140D960E96ED868F6
:108EF8000A43696F42EA0142296F013942EA0122B5
:108F0800224902438B42DA6019D0294A934216D08B
:108F180000230122C5F89430184685F8903085F86A
:108F28009120F8BD4FF480673FE702464FF4006791
:108F38003BE762464FF4006737E7234EF1E6736C70
:108F480023F00103736495F83830012BE0D1D5E99B
:108F58000F23013A43EA02137364736C43F001036D
:108F68007364D5E7A96918680A431849014019606C
:108F7800A96A8DE7012B08BF4FF4007469E7132035
:108F880012274FF0110C1022F6E600BF04580140DA
:108F980000540058005801404C0000241BECCB95AD
:108FA800005C014024580140045C01400460014019
:108FB8000454005824540058CDCCCCCC10C005F033
:108FC800F01FFFFF0080F8FF0060014010C005F8A7
:108FD8002A6A696D01FB02F2B3FBF2F322E74FF450
:108FE8000070FFF795FD2968FFE64FF40070FFF762
:108FF8008FFD2968F1E64FF48070FFF789FD296835
:10900800E3E64FF48060FFF783FD2968F1E64FF44B
:109018000060FFF77DFDF0E60027C6E6022938B5B7
:10902800044635D9C81E012830D80020236760645B
:10903800E064E065A0664FF6FF706067606830F036
:1090480002000CBF0125002504294FF400312565D5
:109058000CBF01200D2021664FF48021A0656166B8
:10906800032A13D8DFE802F0474E54362368484AEB
:10907800934205D002F1C052A2F58232934205D143
:109088006368012B02D1636C002B2FD0012038BDFF
:10909800002023676064E064A066606830F0020026
:1090A80014BF0120002020654FF48030E0654FF6A2
:1090B800FF70606713F00100E8D14D1E012D29D81B
:1090C80060664FF400302066032ADFD8DFE802F03C
:1090D8005546362CE0215B018022A1646365E26677
:1090E800FAF708FD94F83830012BBFD02046BDE8C8
:1090F8003840FFF7EFBD80211B014022A164636562
:10910800E266EDE780225B01A2646365E266E7E759
:10911800C021E0E720664FF480206066032AB5D8B6
:10912800DFE802F02B1C0C025B08E02080219A018A
:10913800A0645B01E166C4E91523D1E75B08C0229E
:10914800802502294FEA8310A2644FEA4313E5669B
:109158006065A365C4D10823A366C1E75B088022C4
:1091680002294FEA8310A2644FEA4313E266C4E976
:109178001503B5D11023A366B2E75B088020402110
:109188005A01A0641B01E166C4E91523A8E700BFE2
:10919800045801402DE9F8430F4604461546FAF7EE
:1091A80091FC002F61D0B5FA85F84FEA5818002DC8
:1091B8005BD094F89130012B5FFA83F950D194F881
:1091C8009030012B4CD04346C4F894800646D4F81E
:1091D800800065F30F03226884F89090394665F3A0
:1091E8001F43A7671C32E3672B46122584F891506A
:1091F8002E4DC0F8508005642D4DC5632D4DC564B6
:10920800FBF700F800283ED1636C082B636831D067
:1092180005216122023B012B98BF11462268136980
:109228000B431361136843F40033136006E0FAF745
:1092380049FC831BB3F57A7F2AD82268556915F44F
:10924800E025F4D01368DB0303D4136843F48033B8
:1092580013600023994684F890304846BDE8F883A7
:109268004FF002094846BDE8F8834FF00109484627
:10927800BDE8F88323F00202012A0BBF152105215E
:1092880071226122C6E7484684F89080BDE8F883D9
:10929800D4F894304FF0030984F8905043F0400319
:1092A8004846C4F89430BDE8F88300BFFD93000831
:1092B800959300087D940008F8B500294ED0B2FABD
:1092C80082F513466D09002A48D090F8912004468B
:1092D800012AD6B23FD190F89020012A3BD081676D
:1092E8000A462946222780F8906063F30F01C0F8E8
:1092F800945063F31F41C167D0F8840084F89170DB
:109308001E4F216807641E4F1C310565C7631D4F3A
:10931800C764FAF777FF20BB23681A68D20303D41F
:109328001A6842F480321A60626C082A62681CD09B
:1093380005216120023A012A98BF01461A690020D6
:109348000A4306461A611A6842F400321A6084F821
:1093580090003046F8BD02263046F8BD012630465A
:10936800F8BD304684F89050F8BD22F0020101297A
:109378000BBF1521052171206120DBE76D940008E2
:10938800099400087D940008704700BF08B5C369B8
:10939800806BB3F5807F1BD003684FF0000C416CE5
:1093A8001A680829A0F87EC022F400321A604268C0
:1093B80011D06FF0610C6FF00501023A012A98BFD5
:1093C80061461A694FF0010C0A401A6180F891C091
:1093D800FFF7DAFF08BD22F0020101290BBF6FF089
:1093E800710C6FF0610C6FF015016FF00501E4E787
:1093F800704700BF806B08B5FFF7FAFF08BD00BFD4
:1094080008B5C369806BB3F5807F1BD003684FF044
:10941800000C416C1A68082922F400321A6042686C
:10942800A0F87EC011D06FF0610C6FF00501023A10
:10943800012A98BF61461A694FF0010C0A401A6167
:1094480080F891C0F9F7ACFC08BD22F002010129AF
:109458000BBF6FF0710C6FF0610C6FF015016FF0BE
:109468000501E4E7806B08B5F9F75EFC08BD00BFAD
:10947800704700BF10B5846BFBF7CEFB022823D0E2
:10948800D4F89420216842F08002134B1348C4F8A2
:1094980094201B680A68A0FB030322F400321B0B0C
:1094A8000A600A689B0022F480320A606BB10A687D
:1094B800013BD203FAD401220023204684F89120EC
:1094C800A4F87E30FFF7D4FF10BDD4F8943043F0F1
:1094D8004003C4F89430EEE74C0000241BECCB9515
:1094E80018B338B590F82C3004460D4603F0FF0247
:1094F800B3B12146022384F82C3051F8040B00F054
:1095080051F862682946206800F08AF8084A012163
:109518000020136843F00043136084F82C1038BD12
:1095280080F82D20F7F7DCFBE3E70120704700BF48
:109538000040005270B590F82C300446022BD8B287
:1095480004D000F0FB06012E01D0012070BD0223DB
:109558000D46206884F82C3000F0AEF82B68022BFA
:1095680003D0002084F82C6070BD0523002084F807
:109578002C3070BD38B590F82C300446022BD8B288
:1095880005D094F82C30012BDDB201D0012038BD74
:109598000223206884F82C3000F0A2F8002084F818
:1095A8002C5038BD0B6810B4D3B90468A3F5004338
:1095B8004A6823401343D1E9024223431343D1E9C4
:1095C800044223431343D1E9064223431343D1E919
:1095D800084223435DF8044B13430360002070479F
:1095E8000268D1E9074322F4F84222434C6A1A433D
:1095F8000A4B2243026042681340D1E901422343E7
:109608001343D1E9034223431343D1E905422343DA
:109618005DF8044B13434360002070470080FFFF50
:1096280030B40ABB8368D1E9002403F07043013CDD
:10963800013A43EA04131343D1E90224013A013CF5
:1096480043EA022343EA0432D1E904348969013B3D
:10965800013C013942EA034343EA045343EA016304
:1096680030BC8360002070478268CC68114B013C95
:1096780013404A6943EA0433541E43EA0454D1E9C7
:1096880000258460C3686C1E013A03F0704343EA06
:1096980004130C691A438B68013C8969013B013941
:1096A80042EA032343EA044343EA016330BCC3604C
:1096B80000207047FF0F0FFF0246D1E9003010B4B9
:1096C80003431469D1E9021023435DF8044B0139BF
:1096D80043EA4023002043EA41131361704700BF67
:1096E8000246054B002010B4546923405DF8044B32
:1096F80043EA41015161704701C0FFFF022A82B06D
:10970800844613D009230193DCF80C30002023F49D
:109718007053CCF80C30019BDCF80C209B0203F44E
:1097280070531343CCF80C3002B07047224B234AD5
:109738000B44934207D9224B224A0B44934205D843
:109748000E230193E0E70F230193DDE71E4B1F4A29
:109758000B44934207D91E4B1E4A0B44934205D231
:109768000C230193D0E70D230193CDE71A4B1B4A35
:109778000B44934202D80B230193C5E7184B194AAF
:109788000B44934202D20A230193BDE7164B174AB2
:109798000B449342B6D3164B164A0B44934202D25B
:1097A80008230193B0E7144B144A0B44934234BF87
:1097B800072306230193A7E7405327FFFF340C0034
:1097C800401E1BFF3F420F0000DC0BFF7F4F1200C3
:1097D800808CF9FE20D6130060B6E5FE5FE3160024
:1097E80000D3CEFE40771B00C05BB3FEC0912100C2
:1097F80000CA91FE20753800E05459FEE09C4100F3
:10980800890182B000230A4A41F0200101930161D5
:1098180003E0036913F0200307D0019B013393424F
:109828000193F6D9032002B07047184602B070477A
:10983800400D0300D0F8083882B003F00603019306
:10984800019838B10198022804D0019B062B0CBF5F
:1098580002200F2002B0704730B44B780A78012BF1
:1098680020D002F00F0C4FF48033D0F81C4800EBE6
:10987800421203FA0CF32343C0F81C38D2F8003B19
:109888001B040CD48B68D2F8004BC3F30A03C878C6
:109898001449234343EA80431943C2F8001B0020BC
:1098A80030BC704700F5006402F00F0500EB421071
:1098B800AB40E5692B43E361D0F800391C04EED4D2
:1098C8008B68D0F80059C3F30A03CC7805492B43B9
:1098D80043EA844343EA8252114330BCC0F800197A
:1098E80000207047008000102DE9F0414B7891F876
:1098F80000C0012B51D000EB4C1C844CDCF8105BF1
:109908000CF530632C401C61814C1D692C401C6196
:109918004C6984B38D68012A7E4E2C4404F1FF34CF
:10992800B4FBF5F406EAC44EA4B205FB04F41D69C1
:109938004EEA0505C4F312041D611D6944EA0504D5
:109948001C6125D0CB78012B0CD1D0F8083813F442
:10995800807FDCF8003B0CBF43F0005343F080539A
:10996800CCF8003BDCF8003B43F00443CCF8003B68
:109978000020BDE8F0818C68012A1D69C4F3120437
:1099880044EA05041C611C6944F400241C61D9D113
:10999800CA68002AD6D05A61D4E74D69002D3DD057
:1099A80000EB4C14594ED1F808E0D4F81089584F00
:1099B80008EA0606C4F8106905EB0E06013EB6FB78
:1099C800FEFED4F810693740524EC4F8107906EA02
:1099D800CE46D4F810793E43C4F81069C5F3120690
:1099E800D4F810793E43C4F8106904F5106691F86C
:1099F80003E0BEF1010F57D0012A72D0D4F8002934
:109A08000CF00F0C42F0044203FA0CF3C4F80029DE
:109A1800D0F834281343C0F83438A9E700EB4C13C6
:109A28003B4E3A4C012AD3F8107906EA0706C3F8E8
:109A38001069D3F8106946F40026C3F81069D3F802
:109A4800106904EA060403F51066C3F8104991F892
:109A580003E03AD0D3F80049BEF1010F44F00444C2
:109A6800C3F8004984D1D0F8083813F4807F3368EC
:109A78000CBF43F0005343F080533360002A7FF457
:109A880077AFADB20335AD083FF472AFCB6800EBEA
:109A98000C3C03EB85010CF5805C53F8042B8B42DE
:109AA800CCF80020F9D163E73369012A23F0C043D9
:109AB8003361336943F00053336117D0D4F8003968
:109AC80043F00443C4F80039CDE70B6963B9BEF12C
:109AD800010F0ED03368002043F004433360BDE823
:109AE800F0810B69002BF5D07361F0E70B69002B4F
:109AF800FAD1D0F8083813F4807F33680CBF43F0EC
:109B0800005343F080533360E4E700BF0000F8FFE0
:109B1800FFFF07E00000F81FF0B54C780B78012C28
:109B280026D000EB4310574CD0F8105B00F530639B
:109B38002C401C61544C1D692C401C614C69A4B913
:109B48008C681D69C4F31204012A45F400251D61BF
:109B58001D6944EA05041C6149D0D0F8003B43F074
:109B68000443C0F8003B0020F0BD8C684C61E8E776
:109B78004C69002C40D000EB4315424FD1F808E067
:109B8800D5F810C9404E74450CEA070705F5106C66
:109B9800C5F81079D5F8107906EA0706C5F81069EE
:109BA80058D9DCF81040012AC1F814E044F4002424
:109BB800CCF81040CEF31204DCF8106044EA060436
:109BC800CCF810403AD0D5F8002942F00442C5F844
:109BD8000029BEF1000FC6D003F00F010123D0F811
:109BE80034288B401343C0F834380020F0BDCA68CD
:109BF800002AB2D05A61B0E700EB4310224B012A89
:109C0800D0F8104900F5106C03EA0403CCF81030C2
:109C1800DCF8103043F40023CCF81030194BDCF892
:109C2800104003EA0403CCF8103007D0D0F800390C
:109C380043F00443C0F800390020F0BD0B690BB1B4
:109C4800CCF81430DCF80030002043F00443CCF8A2
:109C58000030F0BDDCF81060C4F31204012A46F4A9
:109C68000026CCF81060DCF8106044EA0604CCF852
:109C78001040E3D0D5F8002942F00442C5F8002985
:109C8800AAE700BF0000F8FFFFFF07E010B49DF847
:109C9800044064B903339B0809D0013201EB830304
:109CA80000EB023051F8042B8B420260FAD10020FD
:109CB8005DF8044B704700BF033292080AD000F5E4
:109CC800805C01EB8200DCF8003041F8043B8842FC
:109CD800F9D17047084670474A780B78012A00EB9B
:109CE80043100CD0D0F8002B0BB1002A14DAD0F8AE
:109CF800003B43F40013C0F8003B00207047D0F845
:109D08000029002A00DB73B9D0F8003943F40013A6
:109D1800C0F8003900207047D0F8003B23F080439A
:109D2800C0F8003BE3E7D0F8003923F08043C0F8DF
:109D38000039D0F8003943F40013C0F80039E9E7D6
:109D48004A780B78012A00EB431013D0D0F8003B77
:109D580023F40013C0F8003BCB78023B012B01D958
:109D680000207047D0F8003B43F08053C0F8003B18
:109D780000207047D0F8003923F40013C0F80039E8
:109D8800CB78023B012BEBD8D0F8003943F0805355
:109D9800C0F8003900207047034609010020D3F8B5
:109DA800002801F4FE6122F4FE62C3F80028D3F80B
:109DB80000281143C3F80018704700BF82B04369F8
:109DC80001938269019B13400193019802B0704787
:109DD80082B0D0F818380193D0F81C28019B1340A2
:109DE80001930198000C02B0704700BF82B0D0F810
:109DF80018380193D0F81C28019B1340019301984F
:109E080080B202B0704700BF00EB411182B0D1F8B8
:109E1800083B0193D0F81428019B13400193019843
:109E280002B0704784B0D0F8103801F00F0C00EB86
:109E380041110293D0F834380393039B029A23FA12
:109E48000CF3DB01DBB213430293D1F80839029A11
:109E580013400193019804B0704700BF406900F0B7
:109E680001007047D0F8001900F500630A4A0A405B
:109E7800C0F800299A6802F00602042A05D1D0F831
:109E8800002942F00302C0F800295A68002042F471
:109E980080725A60704700BF00F8FFFF144B10B47F
:109EA800046C9C421AD800F5306000230129036134
:109EB800036943F400230361036943F01803036152
:109EC800036943F0C043036104D14261036843F06E
:109ED8008023036000205DF8044B7047D0F8003BF6
:109EE80000F53060002BE0DA00205DF8044B704785
:109EF8000A30544FD0F8002401F00303012900F57B
:109F0800806C22F00302C0F80024D0F8002443EA51
:109F18000203C0F8003409D0022901D0002070479C
:109F280041F270730020CCF8043070474BF6803350
:109F38000020CCF804307047D0F8140480B2704781
:109F480000EB4111002382B001F5A0620193D1F822
:109F5800003513F4802FD1F8003543F08043C1F861
:109F6800003522D1C36A13F47F0FD1F8003523D10D
:109F780023F00043C1F80035D1F8003543F0004321
:109F8800C1F80035D1F8003523F40043C1F8003595
:109F980002E01368002B13DA019B0133B3F57A7FD3
:109FA8000193F6D9002002B07047D0F8103413F4AA
:109FB8007F0FD1F8003506D043F00043C1F80035D3
:109FC800002002B0704723F00043C1F80035D1F8F3
:109FD800003543F00043C1F80035D1F8003523F4CB
:109FE8000043C1F8003502E01368002BE8DA019B52
:109FF8000133B3F57A7F0193F6D9002002B0704798
:10A0080030B4002484B04FF48465AA4A0094014611
:10A01800836823F0010383600394056102E00B6900
:10A02800980604D5039B013393420393F7D9002084
:10A038001023A04A02900B6102E00B69DB0604D5ED
:10A04800029B013393420293F7D9D1F8003501F509
:10A05800A06201F5E0600193019B43F08043019306
:10A06800019B23F000430193019B23F400430193D8
:10A07800019BC1F80035D1F820350193019B43F0CD
:10A0880080430193019B23F000430193019B23F438
:10A0980000430193019BC1F82035D1F84035019365
:10A0A800019B43F080430193019B23F000430193FC
:10A0B800019B23F400430193019BC1F84035D1F87B
:10A0C80060350193019B43F080430193019B23F08A
:10A0D80000430193019B23F400430193019BC1F8C2
:10A0E8006035D1F880350193019B43F0804301939B
:10A0F800019B23F000430193019B23F40043019348
:10A10800019BC1F88035D1F8A0350193019B43F03C
:10A1180080430193019B23F000430193019B23F4A7
:10A1280000430193019BC1F8A035D1F8C0350193D4
:10A13800019B43F080430193019B23F0004301936B
:10A14800019B23F400430193019BC1F8C035D1F86A
:10A15800E0350193019B43F080430193019B23F079
:10A1680000430193019B23F400430193019BC1F831
:10A17800E035D1F800360193019B43F08043019309
:10A18800019B23F000430193019B23F400430193B7
:10A19800019BC1F80036D1F820360193019B43F0AA
:10A1A80080430193019B23F000430193019B23F417
:10A1B80000430193019BC1F82036D1F84036019342
:10A1C800019B43F080430193019B23F000430193DB
:10A1D800019B23F400430193019BC1F84036D1F859
:10A1E80060360193019B43F080430193019B23F068
:10A1F80000430193019B23F400430193019BC1F8A1
:10A208006036D1F880360193019B43F08043019377
:10A21800019B23F000430193019B23F40043019326
:10A22800019BC1F88036D1F8A0360193019B43F019
:10A2380080430193019B23F000430193019B23F486
:10A2480000430193019BC1F8A036D1F8C0360193B1
:10A25800019B43F080430193019B23F0004301934A
:10A26800019B23F400430193019BC1F8C036D1F848
:10A27800E0360193019B43F080430193019B23F057
:10A2880000430193019B23F400430193019BC1F810
:10A29800E03613680193019B43F080430193019BCF
:10A2A80043F000430193019B23F400430193019B76
:10A2B800136004E0400D03001368002B05DA009BCF
:10A2C8000133B3F57A7F0093F6D920328242E0D188
:10A2D8004FF0FF330020C1F814344B618B6843F012
:10A2E80001038B6004B030BC704700BF08B5D0F8DC
:10A2F8008C321BB11B68984700B908BD022008BD05
:10A3080008B5D0F88C325B689847002008BD00BFBC
:10A3180038B500F520750446284600F07DFB01227B
:10A32800B4F8863294F88012C4E99B2301F01F0325
:10A33800934209D0022B13D063B101F0800120466B
:10A34800F9F726FA002038BD2946204600F092FA8F
:10A35800002038BD2946204600F00AF9002038BD03
:10A368002946204600F0BAFA002038BD38B505461F
:10A3780069B91346D0F86C22032A15D0052A0C4671
:10A388000ED1C5F86C12F9F703FA204638BDD0F89B
:10A398008C329B6933B190F87422032A02D1984712
:10A3A800002038BD022038BDD0E9531291420CD9A3
:10A3B800891A8A42C0F84C1188BF8AB2194698BFD8
:10A3C80092B200F055FB002038BDD0F88C321B69E2
:10A3D8001BB190F87422032A04D0284600F052FBDF
:10A3E800002038BD9847F8E770B5044661B9D0F841
:10A3F8006C32022B15D033F0040337D094F878323E
:10A40800012B2ED0002070BDD0F88C325B6933B19F
:10A4180090F87422032A02D19847002070BD0220C8
:10A4280070BDD0E908630D469E4223D8C669B6FBC5
:10A43800F3F203FB12620AB9B34228D9D4F88C327A
:10A44800DB681BB194F87422032A30D0802120469F
:10A45800F9F79EF9204600F021FB94F87832012B99
:10A46800D0D10023184684F8783270BD8021F9F7DE
:10A478008FF9C3E7F31A114603629AB200F0EEFAB5
:10A488002B462A4629462046F9F7CEF9B6E7D0F8F2
:10A4980070329E42D2D20A4600F0E0FA2B462A4693
:10A4A80029462046C4F87052F9F7BEF9A6E72046B7
:10A4B8009847CBE770B5002240260446012511468F
:10A4C8003346F9F753F93346802100222046C4F871
:10A4D8004451C4F85061F9F749F90021D4F8903291
:10A4E800A561666284F87452C4F86C126160C4F89D
:10A4F8007C1223B1D4F88C3220465B689847002040
:10A5080070BD00BF0346002019747047034604213C
:10A51800002093F8742283F8741283F87522704728
:10A528000346002093F8752283F87422704700BF11
:10A5380090F87422032A01D00020704708B5D0F89B
:10A548008C32DB6903B19847002008BD00207047B2
:10A558000020704700207047D0F88C22012108B5F0
:10A5680080F87412017953689847002008BD00BF2D
:10A5780030B50B7883B00D46044603F06003202BFA
:10A588000DD0402B0BD09BB180212046F9F700F964
:10A5980000212046F9F7FCF8002003B030BDD4F8BC
:10A5A8008C32294620469B689847002003B030BD6E
:10A5B8004B78092BE8D801A252F823F01FA600080F
:10A5C8004BA6000891A5000869A6000891A50008F7
:10A5D80071A60008A9A6000891A50008D9A6000838
:10A5E800EDA500088978A24D01292970CCD890F8EA
:10A5F8007432022B00F01281032B00F000818021BD
:10A60800F9F7C6F800212046F9F7C2F8297820465C
:10A61800FFF776FEC0E790F87432013B022BB3D8FF
:10A62800CB88022BB0D10122D0F87C32C2600BB1AA
:10A638000323C360022204F10C01204600F000FA53
:10A64800AAE790F87432013B022B9DD84B88012B66
:10A65800A2D100232046C4F87C3200F013FA9BE70D
:10A668004B88012B98D1F5E78B88002B8CD1CB88B0
:10A67800002B89D14D887F2D86D890F87432032B12
:10A6880082D0E9B280F87612F9F7B2F8204600F0E5
:10A69800F9F9002D00F0E080022384F874327BE79A
:10A6A8004A88130A013B062B3FF66EAF01A151F809
:10A6B80023F000BF6DA7000855A7000843A70008AE
:10A6C80091A5000891A500082DA70008FFA600087D
:10A6D800CA88012A7FF458AF90F87432022B00F22E
:10A6E8008780002B3FF450AF0146002341F8083F14
:10A6F80000F0A6F950E7037C002B7FF445AFD0F8B3
:10A708008C320DF106001B6B984707234370BDF888
:10A718000620002A67D0EB88002B5BD1204600F08A
:10A72800B1F939E7037C002B7FF42EAFD0F88C32D7
:10A738000DF106005B6B9847E9E7D1B2052900F2F5
:10A748008F80DFE801F0271F17372F3F037C002B8E
:10A7580072D1D0F88C320DF106009B6A984702231B
:10A768004370D4E7D0F888320DF10601007C1B68ED
:10A778009847CCE7D0F888320DF10601007CDB68F9
:10A788009847C4E7D0F888320DF10601007C9B6831
:10A798009847BCE7D0F888320DF10601007C5B6869
:10A7A8009847B4E7D0F888320DF10601007C5B6960
:10A7B8009847ACE7D0F888320DF10601007C1B6998
:10A7C8009847A4E7D0F888320DF10601007C9B6910
:10A7D80098479CE79A420146204628BF1A46ADF89A
:10A7E800062000F02DF9EB88002B7FF4D5AE95E715
:10A7F800032B7FF4C9AE011D00F022F9CCE621B38A
:10A80800416801298AD0C9B2FFF77AFD2978204624
:10A818006160FFF76BFD022880D1B5E600293FF49F
:10A828007DAF01210323416080F87432FFF75EFD9C
:10A8380002287FF473AFA7E6D0F88C320DF106003A
:10A84800DB6A98470223437061E70223416080F87E
:10A858007432FFF755FD61E7012384F874329BE6F3
:10A86800D0F88C320DF106029B6B98474FE700BF7A
:10A87800B813002438B50B780D46044603F060027F
:10A88800402A0AD05B0608D58021F8F781FF00210D
:10A898002046F8F77DFF002038BD94F87432013B5C
:10A8A800022B11D82B79012B0ED8D4F88C322946DB
:10A8B80020469B689847EB88002BECD10028EAD10A
:10A8C800204600F0DFF8E6E780212046F8F760FF31
:10A8D80000212046F8F75CFF002038BD38B50B781A
:10A8E800044603F06003202B0CD0402B0AD083B120
:10A8F80080212046F8F74CFF00212046F8F748FF52
:10A90800002038BDD4F88C3220469B689847002038
:10A9180038BD4B788A88012B5FFA82FC37D0032B2D
:10A9280023D0002BE4D190F87432022B4AD0032BA9
:10A93800DED10CF00F03120603EB830300EB830355
:10A9480051D4D3F84431002BD2D00CF07F03142516
:10A9580005FB030505F5A075002B4FD12B600222DE
:10A968002946204600F06CF8CAE790F87432022BAA
:10A978001DD0032BBCD14B882BB91CF07F0F02D004
:10A98800CB88002B43D0204600F07CF8B8E790F83D
:10A998007432022B0BD0032BAAD14B88002BAFD1DA
:10A9A8001CF07F0FEFD06146F8F700FFEBE71CF0D3
:10A9B8007F0F9DD06146F8F7EBFE80212046F8F71F
:10A9C800E7FE9DE71CF07F0F92D111064FF00003C0
:10A9D8004FF002024CBF00F1140100F5A0710B60AA
:10A9E80000F02EF88CE79B69002B81D00CF07F03D8
:10A9F8005D1C05EB850500EB8505ADE76146204646
:10AA0800F8F7E2FE08B10123A8E72860A7E7614646
:10AA1800F8F7BEFEB7E700BF0B7803704B784370BA
:10AA2800CA788B7803EB022343804A790B7903EBCE
:10AA380002238380CA798B7903EB0223C380704792
:10AA480010B5134602240A460021C0F86C42C0E93A
:10AA58000733F8F7DBFE002010BD00BF8C4600214D
:10AA680008B513466246F8F7D1FE002008BD00BFBE
:10AA78008C46002108B513466246F8F7D5FE00203B
:10AA880008BD00BF08B504210023C0F86C121A469F
:10AA98001946F8F7BBFE002008BD00BF08B5052120
:10AAA8000023C0F86C121A461946F8F7BDFE0020BC
:10AAB80008BD00BFD0F8C4230132C0F8C42302780F
:10AAC8000B2A00D07047D0F87C33002BFAD09B6952
:10AAD800184700BF012380F823337047002380F80C
:10AAE80023337047034600220121104683F82013C0
:10AAF80083F8212383F82223704700BF38B5012348
:10AB08000025044680F8213380F8235380F8205329
:10AB1800F8F7AEFE2179204600F006F86179204664
:10AB280000F002F8284638BD0A2907D800EB810052
:10AB3800D0F88433C3F30E03C0F884330020704781
:10AB48000C4A82B00C4BD2F8DC1041F04001C2F83C
:10AB5800DC10D2F8DC2002F040020192019A1A6857
:10AB680022F020021A601A6842F004021A6002B049
:10AB7800704700BF004402580018024870B500230F
:10AB880004464FF4806204214FF440353448C4F839
:10AB98003821C4F8D410C4F83431C4F84C11314900
:10ABA800C4F8B000C4F82811C4E92F32C4E931331D
:10ABB800C4E93335C4E93733C4E94F33C4E95135FF
:10ABC800C4E95533A2680323C4F8D830C4F8503117
:10ABD800042A0AD8DFE802F01F262D340300552284
:10ABE8005623C4F8B420C4F82C310022402304F1C1
:10ABF800B005C4F8B8202846C4F83031F9F744F94C
:10AC080008B1FFBEFEE704F594763046F9F73CF943
:10AC1800E8B1FFBEFEE725222623C4F8B420C4F815
:10AC28002C31E2E727222823C4F8B420C4F82C31B9
:10AC3800DBE73D223E23C4F8B420C4F82C31D4E726
:10AC480053225423C4F8B420C4F82C31CDE704F1BE
:10AC58002803C4E92865C4F8E830C4F8603170BD39
:10AC680040040240580402402DE9F04F814683B069
:10AC78000E4617461D4600F12804204602F0FCFC4B
:10AC880001288246F9D14846FFF778FF8046002818
:10AC980035D1EFF31083019372B6DFF888B00C9BBF
:10ACA80099F90820DFF880A0DFF88090CBF8003011
:10ACB8000D9B89F80020CAF800300DB11846A84746
:10ACC800BAB23146204602F04DF830B9019B03B9BB
:10ACD80062B6404603B0BDE8F08F0023CBF80030E1
:10ACE800CAF80030FF2389F800300C9B8BB1012192
:10ACF8000D9888469847019B002BEAD1E8E70C9B02
:10AD080053B1D0460D9851469847404603B0BDE828
:10AD1800F08F4FF00108D9E7D046404603B0BDE8B0
:10AD2800F08F00BFDC1D0024E41D0024E01D00247A
:10AD38002DE9F04F814683B00E4617461D4600F1B7
:10AD48002804204602F098FC01288246F9D148469A
:10AD5800FFF714FF8046002835D1EFF310830193E5
:10AD680072B6DFF888B00C9B99F90820DFF880A04C
:10AD7800DFF88090CBF800300D9B89F80020CAF8E6
:10AD880000300DB11846A847BAB23146204602F045
:10AD9800ADF930B9019B03B962B6404603B0BDE8CE
:10ADA800F08F0023CBF80030CAF80030FF2389F871
:10ADB80000300C9B8BB101210D9888469847019B68
:10ADC800002BEAD1E8E70C9B53B1D0460D985146C9
:10ADD8009847404603B0BDE8F08F4FF00108D9E727
:10ADE800D046404603B0BDE8F08F00BFDC1D00240C
:10ADF800E41D0024E01D00242DE9F04F814683B0B6
:10AE08000F461646984600F12804204602F034FC06
:10AE18000128FAD182464846FFF7B0FE05460028C9
:10AE280038D1EFF31083019372B699F90830DFF83F
:10AE38008890DFF888B089F800300D9BDFF880A093
:10AE4800CBF800300E9BCAF800300C9B0BB10E9863
:10AE580098471FFA88F33A463146204602F03AF8F6
:10AE680030B9019B03B962B6284603B0BDE8F08F3C
:10AE78000023CBF80030CAF80030FF2389F80030EF
:10AE88000D9B8BB101210E980D469847019B002B15
:10AE9800EAD1E8E70D9B4BB155460E9851469847C5
:10AEA800284603B0BDE8F08F0125DAE75546284665
:10AEB80003B0BDE8F08F00BFE01D0024DC1D0024B6
:10AEC800E41D00242DE9F043002387B00222044644
:10AED80005690493CDE90223D0E902128E00FAB184
:10AEE800022D7AD02178B5FA85F54FF00108276A46
:10AEF8000B294FEA551521D1A2780B2A02D0B8F1B7
:10AF0800000F38D123790B2B01D0002D6CD1A379F8
:10AF180017B10B2B40F09980002007B0BDE8F083F3
:10AF280035F002032178276A0CBF4FF001084FF073
:10AF38000008023D18BF01250B29DDD07D4B94F890
:10AF480001C053F8262010780B2802D0884200F060
:10AF5800AD80D378D01C994202D10B2B40F0BD8034
:10AF68009379901D8B4202D10B2B40F0BC800120BD
:10AF780007B0BDE8F083711C6E4BE07853F82130C0
:10AF880019780B2902D08A4200F0B580D97803F1EC
:10AF9800030C0B2902D08A4200F0BB80997903F197
:10AFA800060C0B29E3D08A42E1D1DB798342DED15A
:10AFB800634604F102099B7848460593F8F766FC56
:10AFC80080464846F8F76AFC01A901904046F9F71F
:10AFD80025FE23790B2B98D199E70178076A0B296D
:10AFE80040F0868001258DE7B11C524A607952F8FD
:10AFF800212011780B2902D08B4200F08180D17872
:10B00800D51C0B2902D08B4200F08D809179951DBB
:10B018008B42ACD10B29AAD0D3798342A7D12A4637
:10B02800251D937828460593F8F730FC03462846F3
:10B038001D46F8F733FC01A901902846F9F7EEFD03
:10B04800A379002F7FF465AF66E7F11C394AE079F0
:10B0580052F8212011780B2901D08B425FD0D1788A
:10B06800D51C0B2901D08B424FD09179951D8B426D
:10B078007FF47DAF0B293FF47AAFD37983427FF415
:10B0880076AF2A46A51D937828460593F8F7FEFB68
:10B0980004462846F8F702FC034601A92046019316
:10B0A800F9F7BCFD002007B0BDE8F083537863458D
:10B0B8007FF44FAF937820460593F8F7E7FB814676
:10B0C8002046F8F7EBFB01A901904846F9F7A6FDE1
:10B0D800A2780B2A7FF413AF14E7137963457FF442
:10B0E8003FAF0246E6E7D37963457FF440AFF8E720
:10B0F8009846012522E7597881427FF447AF58E7FF
:10B10800517881427FF47BAF8AE711798142ACD1D3
:10B11800B7E7197981427FF441AF634649E751782F
:10B1280081429CD1AEE7117981427FF46FAF2A4604
:10B1380076E700BF94F70008654A0368934200F079
:10B14800B980A2F57842934200F0B68002F5806299
:10B15800934200F0B38002F57842934200F0B08049
:10B1680002F5E052934200F0AD805A4A934240F013
:10B17800AB8005234FF4D071574A01FB03F310B598
:10B18800D418D05C86B0F8F791FBA078F8F78EFB5E
:10B198002079F8F78BFBA079F8F788FBA368052BD3
:10B1A80011D8DFE803F0192F455B71034B4BD3F837
:10B1B800F42042F02002C3F8F420D3F8F43003F06E
:10B1C80020030593059B2046FFF77CFE012801D04C
:10B1D80006B010BDFFBEFEE7404B00222320D3F887
:10B1E800F01041F48051C3F8F0101146D3F8F03054
:10B1F80003F480530093009BF8F794FC2320F8F79E
:10B20800CFFCE0E7354B00222420D3F8E81041F4C6
:10B218008041C3F8E8101146D3F8E83003F48043BE
:10B228000193019BF8F77EFC2420F8F7B9FCCAE7E4
:10B238002A4B00223320D3F8E81041F40041C3F828
:10B24800E8101146D3F8E83003F400430293029B58
:10B25800F8F768FC3320F8F7A3FCB4E71F4B00228B
:10B268005420D3F8F01041F40051C3F8F0101146FF
:10B27800D3F8F03003F400530393039BF8F752FC20
:10B288005420F8F78DFC9EE7144B00225520D3F884
:10B29800F01041F48011C3F8F0101146D3F8F030E3
:10B2A80003F480130493049BF8F73CFC5520F8F74B
:10B2B80077FC88E700235DE701235BE7022359E772
:10B2C800032357E7042355E700231B78FFDE00BF5D
:10B2D8000030014000140058BC13002400440258F8
:10B2E8002DE9F043002289B01B4B01210DF1040C1C
:10B2F8009E461A4B0791E146E04667460EF11C064A
:10B308000EF138050EF15404CDE90122CDE90322EE
:10B31800CDE90522FF221A70BCE80F00AEE80F0045
:10B328009CE807008EE80700B9E80F000FC69CE804
:10B33800070086E80700B8E80F000FC59CE807007B
:10B3480085E807000FCF0FC49CE8070084E80700D2
:10B3580009B0BDE8F08300BF1C010024E01D0024F3
:10B36800014802F05DB800BFE4130024014802F070
:10B3780057B800BF84150024014802F051B800BF37
:10B3880024170024014802F04BB800BFC418002459
:10B39800014802F045B800BF641A002410B5EFF365
:10B3A800108472B6084B1A78120602D504B962B630
:10B3B80010BD1B784FF4D07204485BB202FB030047
:10B3C800B030F9F7D9F8F1E7E01D0024BC130024E8
:10B3D80010B5EFF3108472B6094B1A78120602D52D
:10B3E80004B962B610BD1B784FF4D07205485BB241
:10B3F80002FB030000F59470F9F7BEF8F0E700BF10
:10B40800E01D0024BC1300242DE9F04184B0EFF3C3
:10B41800108772B6284AFF21284C1368217023B17F
:10B4280000211160264A1068984723781B061CD50E
:10B43800DFF894800025234E4446216879B162687C
:10B448006AB1A369012B22D0A3B96369304601937D
:10B4580023690093E3682289FFF76AFC18B3013572
:10B468001C3406F5D076042DE7D107B962B604B0CE
:10B47800BDE8F081D4E90430CDE90130E0682389E2
:10B4880000903046FFF7B8FC0028E8D10BE0D4E97B
:10B4980004301146CDE900303046E3682289FFF7D1
:10B4A800E3FB0028DBD1C5EBC50508EB850348F8AD
:10B4B80025005860D9E700BFDC1D0024E01D0024EA
:10B4C800E41D0024BC1300241C0100242DE9F041D4
:10B4D80084B0EFF3108772B6284AFF21284C13680E
:10B4E800217023B100211160264A106898472378FB
:10B4F8001B061CD5DFF894800025234E444621689E
:10B5080079B162686AB1A369012B22D0A3B96369D2
:10B518003046019323690093E3682289FFF708FC0A
:10B5280018B301351C3406F5D076042DE7D107B9D8
:10B5380062B604B0BDE8F081D4E90430CDE9013049
:10B54800E068238900903046FFF756FC0028E8D1D0
:10B558000BE0D4E904301146CDE900303046E36809
:10B568002289FFF781FB0028DBD1C5EBC50508EB75
:10B57800850348F825005860D9E700BFDC1D002482
:10B58800E01D0024E41D0024BC1300241C01002439
:10B598002DE9F04184B0EFF3108772B6284AFF21F5
:10B5A800284C1368217023B100211160264A1068C5
:10B5B800984723781B061CD5DFF894800025234E76
:10B5C8004446216879B162686AB1A369012B22D027
:10B5D800A3B963693046019323690093E36822891C
:10B5E800FFF7A6FB18B301351C3406F5D076042DF9
:10B5F800E7D107B962B604B0BDE8F081D4E90430F8
:10B60800CDE90130E068238900903046FFF7F4FB6C
:10B618000028E8D10BE0D4E904301146CDE9003028
:10B628003046E3682289FFF71FFB0028DBD1C5EB12
:10B63800C50508EB850348F825005860D9E700BF21
:10B64800DC1D0024E01D0024E41D0024BC1300249C
:10B658001C0100242DE9F04184B0EFF3108772B685
:10B6680001F0D2FA284A294CFF21136821702BB126
:10B67800002111600121264A1068984723781B068B
:10B688001CD5DFF894800025224E4446216879B104
:10B6980062686AB1A369012B22D0A3B963693046F5
:10B6A800019323690093E3682289FFF741FB18B3EC
:10B6B80001351C3406F5D076042DE7D107B962B6FA
:10B6C80004B0BDE8F081D4E90430CDE90130E06888
:10B6D800238900903046FFF78FFB0028E8D10BE064
:10B6E800D4E904301146CDE900303046E3682289B8
:10B6F800FFF7BAFA0028DBD1C5EBC50508EB8503CF
:10B7080048F825005860D9E7DC1D0024E01D002416
:10B71800E41D0024BC1300241C01002430B4544B45
:10B72800002108220220534CD9615862C3F8BC1189
:10B73800C3F8C401C3F85C13C3F86403C3F8F42462
:10B74800C3F8F814C3F8FC14C3F80405C3F8942626
:10B75800C3F89816C3F89C16C3F8A406C3F834288F
:10B76800C3F83818C3F83C18C3F84408424D434896
:10B77800C3E90521C3E96D21C3E9D5212288A3784E
:10B788003F49EA80CA800B723E492B72CA800B720D
:10B798002168A0F803204371C28003723A4C3B48E9
:10B7A800E2802372A0F80320394C4371C2800372EF
:10B7B8003848E2802372A0F80320374C4371C280D6
:10B7C8000372080C2180A070A4F803206371E28042
:10B7D8002372324C324D2180A070A4F8032063718B
:10B7E800E28023722F4CEA8021802B72A070A4F88B
:10B7F80003206371E28023722B4C2180A070A4F88F
:10B8080003206371E2802372284C2180A070A4F881
:10B8180003206371E2802372254C2180A070A4F874
:10B8280003206371E2802372224C2180A070A4F867
:10B8380003206371E28023721F4C21801F49A0708E
:10B84800A4F803201E486371E2802372A1F8032044
:10B858001C4C4B71CA800B721B49E2802372C28058
:10B868000372A1F803204B71CA800B7230BC704779
:10B87800BC13002490F70008A4000024C80000248A
:10B88800980000245C000024B0000024EC00002490
:10B89800D400002474000024AC1D0024941D00244E
:10B8A800E0000024A01D00247C1D0024D01D0024DD
:10B8B800B81D0024C41D0024881D00241001002484
:10B8C80004010024F800002480000024714A036861
:10B8D80011698B4200B587B04BD0916E8B4200F056
:10B8E800B680D2F8C0108B4200F0B380D2F818119D
:10B8F8008B4200F0B080B3F1804F1ED0664A93426D
:10B908000DD0664A934200F0A880654A934200F041
:10B91800B280644A93421ED007B05DF804FB624BC4
:10B92800D3F8E82042F00202C3F8E820D3F8E83060
:10B9380003F002030293029BEEE75B4BD3F8E82087
:10B9480042F00102C3F8E820D3F8E83003F001031D
:10B958000193019BE0E7544BD3F8E82042F0100232
:10B96800C3F8E820D3F8E83003F010030593059BEB
:10B97800D2E700205821B3F1804F01FB0022127B4F
:10B988001ED045498B4235D044498B4248D0444962
:10B998008B42BED1444BD3F8E81041F00801C3F8FC
:10B9A800E810D3F8E83003F008030493049B002A56
:10B9B800B2D0322000220F21F8F7B4F8322014E078
:10B9C800394BD3F8E81041F00101C3F8E810D3F877
:10B9D800E83003F001030193019B002A9CD01C204E
:10B9E80000220F21F8F79EF81C2007B05DF804EB41
:10B9F800F8F7D6B82C4BD3F8E81041F00201C3F899
:10BA0800E810D3F8E83003F002030293029B002AFF
:10BA180082D01D2000220F21F8F784F81D20E4E7CA
:10BA2800214BD3F8E81041F00401C3F8E810D3F82B
:10BA3800E83003F004030393039B002A3FF46CAF40
:10BA48001E2000220F21F8F76DF81E20CDE70120F7
:10BA580090E702208EE703208CE7134BD3F8E82009
:10BA680042F00402C3F8E820D3F8E83003F00403F6
:10BA78000393039B50E70C4BD3F8E82042F00802ED
:10BA8800C3F8E820D3F8E83003F008030493049BD4
:10BA980042E700BFE81D0024000400400008004001
:10BAA800000C004000100040004402580F4B026890
:10BAB80019698A420BD0996E8A4211D0D3F8C01006
:10BAC8008A420FD0D3F818118A420DD0704700214E
:10BAD800582202FB01331A6D002AF7D0586D10471F
:10BAE8000121F5E70221F3E70321F1E7E81D00242E
:10BAF800014801F05BBF00BFF81D0024014801F0B8
:10BB080055BF00BF501E0024014801F04FBF00BFC1
:10BB1800A81E0024014801F049BF00BF001F0024EF
:10BB2800F0B54FF0580C0F682E4D8DB00CFB07FC8C
:10BB3800032F05EB0C06066047DC0B460868344605
:10BB480049689A6807C41B7B237004AC7268264B4B
:10BB5800002A4FF00002726118BF1022B2610FCBA9
:10BB680084E80F000CAB03EB870353F8203CB3F1D8
:10BB7800804F336124D01D4A934221D030890CF183
:10BB8800100458230021802203FB07532C44C3E9E7
:10BB980007019A62204601F073FD034600B1FEE7F3
:10BBA8004FF4805208A92046099301930892CDE9E1
:10BBB8000A33CDE9023301F033FE034640B1FEE714
:10BBC800582303FB07539868D9E701200DB0F0BD4F
:10BBD80001A920460193039301F0A0FF0028F5D0A6
:10BBE800FEE700BFE81D0024D8F60008000C00405E
:10BBF800006808B5037B10302BB101F0FBFD00385D
:10BC080018BF012008BD01F0DBFD003818BF012076
:10BC180008BD00BF0C4B00224FF0FF311A7399602A
:10BC2800196683F86420C3F8B81083F8BC20C3F8F9
:10BC3800101183F81421C3E90022C3E91622C3E9CD
:10BC48002C22C3E942227047E81D00241F4BC1681B
:10BC58000268F0B5D3F88C5083B00369ADB24D1BC0
:10BC6800A2B1AB4212D00446866811D2F018E91A84
:10BC7800CDE9001000F040FF0023DDE90010D4E911
:10BC88000062B047E3682561AB421BD003B0F0BD4A
:10BC9800F018C91ACDE9000100F02EFF0023DDE9F4
:10BCA8000001D4E90072B8473046294600F024FF65
:10BCB80000233046626829462668B047E368256154
:10BCC800AB42E3D10023236103B0F0BD0000024082
:10BCD8002DE9F84F04460F4690461E4600F13405FC
:10BCE800284602F069F92028FAD14FF48063002031
:10BCF800C4F8D030C4F848314FF44033C4F8CC000D
:10BD0800C4F8E030C4F858314E4BC4F8DC00C4F82D
:10BD1800C03003F57A73C4F8E400C4F8383140231E
:10BD2800C4F8C800C4F84031E369C4F84401C4F851
:10BD38005401C4F85C01C4E93500C4E95300072B79
:10BD48000BD8DFE803F061535A373E454C045123C2
:10BD5800C4F8C4305223C4F83C3104F59C794846F1
:10BD6800F8F792F808B1FFBEFEE7C4F8A890C4F847
:10BD78007051EFF3108972B6DFF8D0B094F91C3027
:10BD8800DFF8CCA08BF800300A9B2F4CCAF80030A3
:10BD98000B9B23600EB11846B0471FFA88F239464C
:10BDA800284601F0F3FEB0BBB9F1000F00D162B62E
:10BDB800BDE8F88F3F23C4F8C4304023C4F83C31B1
:10BDC800CBE74123C4F8C4304223C4F83C31C4E76C
:10BDD8004723C4F8C4304823C4F83C31BDE74F2397
:10BDE800C4F8C4305023C4F83C31B6E72B23C4F858
:10BDF800C4302C23C4F83C31AFE72D23C4F8C43039
:10BE08002E23C4F83C31A8E72923C4F8C4302A23D8
:10BE1800C4F83C31A1E7FF238BF800300023CAF8AF
:10BE2800003023600A9B3BB10B9801219847012001
:10BE3800B9F1000FBCD1BAE70120B9F1000FB7D1B1
:10BE4800B5E700BF88000240802E00247C2E002425
:10BE5800782E00242DE9F84F04460F4690461E46DA
:10BE680000F13405284602F0A7F82028FAD14FF44B
:10BE780080630020C4F8D030C4F848314FF4403310
:10BE8800C4F8CC00C4F8E030C4F858314E4BC4F8BC
:10BE9800DC00C4F8C03003F57A73C4F8E400C4F8D1
:10BEA80038314023C4F8C800C4F84031E369C4F805
:10BEB8004401C4F85401C4F85C01C4E93500C4E97C
:10BEC8005300072B0BD8DFE803F061535A373E4580
:10BED8004C045123C4F8C4305223C4F83C3104F153
:10BEE800C0094846F7F7D0FF08B1FFBEFEE7C4F81F
:10BEF800AC90C4F8F850EFF3108972B6DFF8D0B000
:10BF080094F91C30DFF8CCA08BF800300A9B2F4C3A
:10BF1800CAF800300B9B23600EB11846B0471FFAD1
:10BF280088F23946284601F083FEB0BBB9F1000F0C
:10BF380000D162B6BDE8F88F3F23C4F8C43040236F
:10BF4800C4F83C31CBE74123C4F8C4304223C4F8D9
:10BF58003C31C4E74723C4F8C4304823C4F83C3113
:10BF6800BDE74F23C4F8C4305023C4F83C31B6E7CA
:10BF78002B23C4F8C4302C23C4F83C31AFE72D235D
:10BF8800C4F8C4302E23C4F83C31A8E72923C4F8E8
:10BF9800C4302A23C4F83C31A1E7FF238BF80030D2
:10BFA8000023CAF8003023600A9B3BB10B9801219B
:10BFB80098470120B9F1000FBCD1BAE70120B9F1C7
:10BFC800000FB7D1B5E700BF88000240802E0024DB
:10BFD8007C2E0024782E00242DE9F0410D4682B0F5
:10BFE800EFF3108772B6002948D1FF23254A264C63
:10BFF800237013682BB1002029461060234A10686B
:10C00800984723781B0625D5DFF888800025204E21
:10C01800444605E001351C3406F5D876092D19D0BB
:10C02800A369012B1BD0002BF4D1216830460029CD
:10C03800F0D06369019323690093E3682289FFF7CD
:10C0480009FF0028E6D1C5EBC50508EB850348F8CC
:10C058002500586007B962B602B0BDE8F081616892
:10C068000029D7D063693046019323690093E368B8
:10C078002289FFF72DFE0028CCD1E4E703F098FAD7
:10C08800B3E700BF782E00247C2E0024802E0024E5
:10C09800481F00248C010024F0B5002387B0022239
:10C0A80004460493CDE90223027EC3690B2A4FEAB2
:10C0B800430523D1A27E0B2A02D1002007B0F0BD90
:10C0C80048496B1C484851F823304578017818785E
:10C0D800E67E884269D0824277D0D87803F1030C93
:10C0E80081426ED0824278D0987903F1060C88425A
:10C0F8006FD0824233D0012007B0F0BD394B3A48A7
:10C1080053F8253001784678187894F819C0814298
:10C118003DD0824241D0D87803F1030E814240D00D
:10C1280082424AD0987903F1060E884241D0824271
:10C13800E1D1DB796345DED1734604F118069B78BB
:10C1480030460593F7F7A2FB034630461E46F7F73D
:10C15800A5FB01A901903046F8F760FDAAE7DB7955
:10C16800B342C8D163461A349B7820460593F7F743
:10C178008DFB034620461C46F7F790FB034601A9B2
:10C1880020460193F8F74AFD002007B0F0BD93F868
:10C1980001E0B645BFD08242BDD158786045BAD1DA
:10C1A800CBE71F79B742BBD1BCE75F78AF4292D1EA
:10C1B80093E7D979B142BAD19DE718796045B1D1F1
:10C1C800BAE71F79AF428DD18EE75878B04284D153
:10C1D800C9E7D979A9428CD18DE71879B04283D1C2
:10C1E800C0E700BFA4020024A00200247E4A03681E
:10C1F8009342F0B58FB000F0E380A2F54C42934231
:10C2080000F0E08002F58062934200F0DD8002F5E4
:10C218008062934200F0DA8002F58062934200F077
:10C22800D98002F54442934200F0D280A2F51C4224
:10C23800934200F0D18002F58062934200F0CE80F4
:10C248006A4A934240F0CC800826694D4FF4D8746E
:10C2580004FB0654A07EF7F729FB207EF7F726FBA0
:10C26800E369082B13D8DFE803F03B49576573816E
:10C278008F9D05005F4BD3F8F42042F00802C3F805
:10C28800F420D3F8F43003F008030893089B204601
:10C29800FFF702FF012801D1FFBEFEE74FF4D87473
:10C2A8000EAA554F0DF1240C04FB0654E36902EB6A
:10C2B80043050FCFACE80F003B680022ACF8003014
:10C2C800114635F9140CF7F72DFCE3690EAA02EBB9
:10C2D800430333F9140C0FB0BDE8F040F7F760BC26
:10C2E800444BD3F8F02042F01002C3F8F020D3F802
:10C2F800F03003F010030093009BC8E73D4BD3F8E0
:10C30800E82042F40032C3F8E820D3F8E83003F418
:10C3180000330193019BBAE7364BD3F8E82042F487
:10C328008022C3F8E820D3F8E83003F4802302938E
:10C33800029BACE72F4BD3F8E82042F40022C3F865
:10C34800E820D3F8E83003F400230393039B9EE727
:10C35800284BD3F8E82042F48012C3F8E820D3F839
:10C36800E83003F480130493049B90E7214BD3F83F
:10C37800F02042F02002C3F8F020D3F8F03003F0A8
:10C3880020030593059B82E71A4BD3F8E82042F077
:10C398008042C3F8E820D3F8E83003F080430693DE
:10C3A800069B74E7134BD3F8E82042F00042C3F829
:10C3B800E820D3F8E83003F000430793079B66E7CB
:10C3C800002642E7012640E702263EE703263CE72F
:10C3D80005263AE7042638E7062636E7072634E72F
:10C3E80000239B7EFFDE00BF00100140000C0058B8
:10C3F800481F002400440258E8F600082DE9F04FD1
:10C4080091B0002301223A490DF1240A09938B4681
:10C4180001F11C09CAF814305446CDF800A001F106
:10C428003808CDF804A001F15407CDF808A001F1AF
:10C438007006CDF80CA001F18C05CDF814A001F11F
:10C44800C40E01F1E00CCAE90133CAE903330F92C3
:10C45800FF22284B1A7001F1A803CDE906AA04931C
:10C46800BAE80F00ABE80F009AE807008BE807006E
:10C478000FCC009CA9E80F009AE8070089E807009C
:10C488000FCC019CA8E80F009AE8070088E807008D
:10C498000FCC029C0FC79AE8070087E807000FCC6B
:10C4A800039C0FC69AE8070086E807000FCC0FC563
:10C4B8009AE80700059C85E807000FCC049C0FC488
:10C4C8009AE8070084E80700069C0FCCAEE80F0046
:10C4D8009AE80700079C8EE807000FCCACE80F002D
:10C4E8009AE807008CE8070011B0BDE8F08F00BF9C
:10C4F8008C0100247C2E002410B5094C04F1340072
:10C5080001F068FC237D1BB1636BDB69DB0600D49B
:10C5180010BD2046FFF79AFB636B10221A6210BD0C
:10C52800481F002410B50B4C04F5F27001F052FCC2
:10C5380094F8C43123B1D4F8E431DB69DB0600D4C4
:10C5480010BD04F5D870FFF781FBD4F8E431102250
:10C558001A6210BD481F002410B50B4C04F5657015
:10C5680001F038FC94F8743323B1D4F89433DB69C0
:10C57800DB0600D410BD04F55870FFF767FBD4F84C
:10C58800943310221A6210BD481F002410B50B4CBA
:10C5980004F2445001F01EFC94F8243523B1D4F879
:10C5A8004435DB69DB0600D410BD04F5A260FFF753
:10C5B8004DFBD4F8443510221A6210BD481F0024E0
:10C5C80010B50B4C04F2F46001F004FC94F8D43676
:10C5D80023B1D4F8F436DB69DB0600D410BD04F5CA
:10C5E800D860FFF733FBD4F8F43610221A6210BD76
:10C5F800481F002410B50B4C04F6A40001F0EAFB18
:10C6080094F8843823B1D4F8A438DB69DB0600D465
:10C6180010BD04F50760FFF719FBD4F8A438102201
:10C628001A6210BD481F002410B50B4C04F65420A4
:10C6380001F0D0FB94F8343A23B1D4F8543ADB69CA
:10C64800DB0600D410BD04F52260FFF7FFFAD4F82A
:10C65800543A10221A6210BD481F002410B50B4C22
:10C6680004F6044001F0B6FB94F8E43B23B1D4F897
:10C67800043CDB69DB0600D410BD04F53D60FFF720
:10C68800E5FAD4F8043C10221A6210BD481F0024B1
:10C6980010B50B4C04F6B45001F09CFB94F8943D93
:10C6A80023B1D4F8B43DDB69DB0600D410BD04F532
:10C6B8005860FFF7CBFAD4F8B43D10221A6210BDC7
:10C6C800481F002410B5EFF3108472B6084B1A788F
:10C6D800120602D504B962B610BD1B784FF4D872A1
:10C6E80004485BB202FB0300C030F7F745FFF1E7EF
:10C6F8007C2E0024481F002410B5EFF3108472B676
:10C70800094B1A78120602D504B962B610BD1B7817
:10C718004FF4D87205485BB202FB030000F59C7029
:10C72800F7F72AFFF0E700BF7C2E0024481F0024FB
:10C738000021FFF751BC00BF214A036893422BD068
:10C74800A2F54C42934229D002F58062934227D049
:10C7580002F58062934225D002F58062934223D08D
:10C7680002F54442934221D0A2F51C4293421FD0C5
:10C7780002F5806293421DD0124A93421CD10822CE
:10C788004FF4D871104B01FB0233197D11B11846D3
:10C79800FFF75CBAFFF720BC0022F1E70122EFE7C0
:10C7A8000222EDE70322EBE70422E9E70522E7E7A7
:10C7B8000622E5E70722E3E700231B7DFFDE00BF33
:10C7C80000100140000C0058481F0024204A03684C
:10C7D800934229D0A2F54C42934227D002F58062B9
:10C7E800934225D002F58062934223D002F58062FD
:10C7F800934221D002F5444293421FD0A2F51C4235
:10C8080093421DD002F5806293421BD0114A934295
:10C818001AD1082310484FF4D87202FB0300037D95
:10C8280003B97047FFF712BA0023F3E70123F1E7D2
:10C838000223EFE70323EDE70423EBE70523E9E70A
:10C848000623E7E70723E5E700231B7DFFDE00BF9C
:10C8580000100140000C0058481F00240121FFF778
:10C86800BBBB00BF534B0122002047F6122130B456
:10C87800C3E97420C3E97721C3E9E020C3E9E321D0
:10C888001A62DA6258621963C3F83025C3F83405AE
:10C89800C3F83C25C3F84015C3F8E026C3F8E406FE
:10C8A800C3F8EC26C3F8F016C3F89028C3F8940828
:10C8B800C3F89C28C3F8A018C3F8402AC3F8440A50
:10C8C800C3F84C2AC3F8501AC3F8F02BC3F8F40B7A
:10C8D800C3F8FC2BC3F8001CC3F8A40D3648C3F8F2
:10C8E800A02DC3F8AC2DC3F8B01D02888378334956
:10C8F8000068334CCA804FEA104C0B723149E28011
:10C908002372A1F80320A4F8032063714B712E4C05
:10C91800CA800B722D492E4DE2802372A1F80320A4
:10C92800A4F8032063714B712A4CCA800B722A4900
:10C93800EA8008802B7281F802C0E2802372A1F895
:10C9480003204B71CA800B722449A1F803204B7154
:10C95800CA800B722249A1F803204B71CA800B725E
:10C968002049088081F802C0A1F803204B71CA80D1
:10C978000B721D49088081F802C0A1F803204B7191
:10C98800CA800B721949088081F802C01848A1F8BA
:10C9980003204B71CA800B721649A0F8032043711B
:10C9A800C2800372A1F803204B71CA800B7230BC9D
:10C9B800704700BF481F0024A00200242803002459
:10C9C8004C0300244003002464030024580300247B
:10C9D8003403002410030024A82E0024700300242C
:10C9E8001C030024842E00249C2E0024902E002456
:10C9F80094020024880200243E4B00220B2011469A
:10CA080010B5D3F8D84082B044F00104C3F8D84038
:10CA1800D3F8D84004F001040094009CD3F8D8401F
:10CA280044F00204C3F8D840D3F8D83003F0020326
:10CA38000193019BF7F776F80B20F7F7B1F800227E
:10CA48000C201146F7F76EF80C20F7F7A9F800222A
:10CA58000D201146F7F766F80D20F7F7A1F8002228
:10CA68000E201146F7F75EF80E20F7F799F8002226
:10CA78000F201146F7F756F80F20F7F791F8002224
:10CA880010201146F7F74EF81020F7F789F8002222
:10CA98003C201146F7F746F83C20F7F781F80022CA
:10CAA80011201146F7F73EF81120F7F779F8002220
:10CAB80038201146F7F736F83820F7F771F80022D2
:10CAC80039201146F7F72EF83920F7F769F80022D0
:10CAD8003A201146F7F726F83A20F7F761F80022CE
:10CAE8003B201146F7F71EF83B2002B0BDE8104086
:10CAF800F7F756B80044025820F01F002031BFF362
:10CB08004F8F002907DD064A0144C2F85C02203035
:10CB18000B1A002BF9DCBFF34F8FBFF36F8F7047F1
:10CB280000ED00E0034688B190F83D20022A03D0CA
:10CB3800802201209A66704702680421002083F849
:10CB48003D10D36823F00103D3607047012070477C
:10CB580003682C495A6910B49C6944F008049C6124
:10CB68009C6944F010049C611C6824F001041C605A
:10CB78001C6921401961996821F44041996090F835
:10CB88008110042901D0910630D490F8811003292E
:10CB980001D054061FD4910509D5D0F8841041F06E
:10CBA8000101C0F88410996941F400719961D205B6
:10CBB80009D5D0F8842042F00802C0F884209A6988
:10CBC80042F480729A6100235DF8044BA0F8623049
:10CBD800A0F86A307047D0F8841041F00401C0F81A
:10CBE8008410996941F040019961D4E7D0F8841024
:10CBF80041F08001C0F88410996941F020019961E1
:10CC0800C3E700BF90FCFFFF002800F0A480026883
:10CC18000021F8B5514B044681629A4216D0A3F51B
:10CC280078439A4212D003F58063C0689A4200F0B4
:10CC38008A800F2808D8E16B00F108034D09DB084A
:10CC480005FB0333082B15D90120F8BDE068E16B1B
:10CC580000F10803414E4D09DB0805FB0333404D45
:10CC6800AA4218BFB24203D005F58065AA4201D195
:10CC7800102BE9D894F8813003F0FF05002B58D029
:10CC8800002702236568A66B84F88130136823F0B7
:10CC980001031360A369B3F1806F3ED03943676B1A
:10CCA8003B43676A3B4327693B4367693B43276AC2
:10CCB8003B43E76C3B43A7683B43A76C3B43A76DEB
:10CCC8003B432B433343E669314308439060D360C9
:10CCD800B5B9936823F4C05343F400639360936831
:10CCE80023F4C06343F480639360136D23F001035E
:10CCF800136500200123C4F8840084F88130F8BD4E
:10CD0800136D23F0010313656B02F2D5D368616DCF
:10CD180023F000430B43D360EBE7B5F5800FBDD19B
:10CD2800002EBBD1D2F800C04CF4805CC2F800C021
:10CD3800B4E7204684F88050FEF7FEF92268A76A17
:10CD4800E16BE0689DE7E16B00F108034D09DB0842
:10CD580005FB03338CE70120704700BF003001401A
:10CD680000380040F8B590F88030012B00F08C8036
:10CD780090F88130154601220446DEB2934280F8CD
:10CD880080206AD1002963D0B5FA85F35B09002DAC
:10CD98005ED003224366A0F8683080F88120C0F88E
:10CDA8008430A0F86250A0F86A30C165A0F86050DD
:10CDB800C0E91C338368B3F5C02F04D10268136837
:10CDC80043F400631360E368A06F0F2B4BD98369AA
:10CDD800B3F5804F3CD122683A4B3B4F2032036475
:10CDE80052F8183CC763394F23F40043C76400273F
:10CDF800076542F8183CB4F862309BB2F7F702FABC
:10CE0800002844D1A36F324ADB69B3F5807F2368D9
:10CE1800596802EA010218BF2A435A609A68616891
:10CE280042F40042B1F5800F9A601A6942F44872E0
:10CE38001A611A6842F001021A6003D11A6842F4B2
:10CE480000721A6000231E4684F880303046F8BD10
:10CE5800002384F880303046F8BD0023022680F88D
:10CE680080303046F8BD072B83691AD8B3F5005FC8
:10CE780020D0B3F5804FAED1B4F862309BB2033303
:10CE88009B08A4F86230A6E702263046F8BDD4F81D
:10CE98008430012243F01003C4F8843084F88120E0
:10CEA800D9E7B3F5804F05D0B3F5005FD0D1B3F51E
:10CEB800804F90D1B4F862309BB201335B08A4F87C
:10CEC800623088E725D30008A9D2000851D30008AA
:10CED8000000FFFF70B51D4690F88030012B00F070
:10CEE800B9800123044680F8803090F8813040688A
:10CEF800DBB2B0F5800F7DD0012B40F08580002D8E
:10CF080018BF002A71D000296FD094F88130042B03
:10CF180002D0052384F881300023E1652168C4F834
:10CF28008430A4F86250A4F86A50A4F8605062668D
:10CF3800A4F86850C4E91C338B6823F440438B6021
:10CF4800E3680F2B65D9E06F8369B3F5804F4CD147
:10CF580094F88130042B00F08A805E4B03645E4BAA
:10CF6800C3635E4E3031B4F86A30C66400269BB2A3
:10CF78000665F7F747F900286ED12268A16F936814
:10CF8800203243F4804342F8183CB4F86230C1E9D7
:10CF98000F00C1E913009BB20846E16DF7F732F9BB
:10CFA800002859D1A36FDB69B3F5807F236863D06C
:10CFB80059684B4A0A402A435A609A68616842F4A1
:10CFC8000042B1F5800F9A601A6942F458721A61EA
:10CFD8001A6842F001021A6003D11A6842F400721A
:10CFE8001A60002384F8803070BD0023012084F883
:10CFF800803070BDA06800287FF47EAF042B3FF41A
:10D008007EAF012B3FF47BAF0023022084F88030F1
:10D0180070BD072B35D8A36F9B69B3F5005F50D05F
:10D02800B3F5804F06D1B4F862309BB203339B0846
:10D03800A4F86230E06F8369B3F5005F39D0B3F5C7
:10D04800804F85D1B4F86A309BB203339B08A4F8AB
:10D058006A307DE7022070BDD4F88430012243F0A5
:10D0680010031046C4F8843084F8812070BD1D4B2D
:10D0780003641D4BC36374E75968194A0A405A6030
:10D088009BE7E06F8369B3F5005F02D0B3F5804F8B
:10D09800ABD1A66FB669B6F5804F06D1B4F8626019
:10D0A800B6B201367608A4F86260B3F5804F7FF413
:10D0B8004FAFB4F86A309BB201335B08A4F86A300A
:10D0C80046E7B4F862309BB201335B08A4F86230DB
:10D0D800B0E700BF45D30008F9D2000851D30008D3
:10D0E8000000FFFF35D30008D1D200082DE9F04138
:10D0F8001546826804460E4622B94368B3F5800F88
:10D1080000F0958094F88030012B00F0998001237D
:10D1180084F8803094F88130012BDFB269D1002E79
:10D1280061D0B5FA85F35B09002D5CD00421B2F516
:10D13800C02F666684F88110A4F86850C4F884305B
:10D14800A4F86030A4F86A50A4F86230C4E91C332B
:10D1580004D12268136823F400631360E3680F2B7B
:10D168004ED9E06F8369B3F5804F3CD121688B6855
:10D1780023F480438B603246454EB4F86A30303130
:10D188000664444E9BB2C663434EC66400260665D9
:10D19800F7F738F8002857D1E36F404ADB69B3F551
:10D1A800807F2368596802EA010218BF2A435A603F
:10D1B8009A68616842F48042B1F5800F9A601A69F2
:10D1C80042F450721A611A6842F001021A6003D1DF
:10D1D8001A6842F400721A6000231F4684F88030EF
:10D1E8003846BDE8F081002384F880303846BDE831
:10D1F800F0810023022784F880303846BDE8F081AA
:10D20800072B2BD82168E06F8B6823F480438B6051
:10D218008369B3F5005F32D0B3F5804FABD1B4F872
:10D228006A309BB203339B08A4F86A30A3E72B4605
:10D2380004250A4680F88150BDE8F041FFF74ABE50
:10D2480002273846BDE8F081D4F88430012243F043
:10D258001003C4F8843084F88120C7E7E06F82693E
:10D26800B2F5804F02D0B2F5005FBCD12168B2F5AB
:10D27800804F8B6823F480438B607FF47CAFB4F8D5
:10D288006A309BB201335B08A4F86A3073E700BFC9
:10D2980035D30008D1D2000851D300080000FFFFA1
:10D2A800806B08B590F88130072B09D0836FDB6954
:10D2B800B3F5807F05D00268136943F00803136152
:10D2C80008BDFEF7A1F808BD806B08B590F881305D
:10D2D800072B09D0C36FDB69B3F5807F05D00268DF
:10D2E800136943F00803136108BDFEF7EFF808BDA2
:10D2F800806B08B590F88130072B09D0836FDB6904
:10D30800B3F5807F05D00268136943F00803136101
:10D3180008BDFEF73DF908BD704700BF806B08B532
:10D32800FFF7FAFF08BD00BF704700BF806B08B564
:10D33800FFF7FAFF08BD00BF704700BF806B08B554
:10D34800FFF7FAFF08BD00BF10B5846BF7F764FC60
:10D35800022800D110BD236830495A69986940F005
:10D3680008009861986940F010009861186820F0EA
:10D3780001001860186901401961996821F4404159
:10D38800996094F88110042901D091063AD494F850
:10D398008110032901D0500629D4910509D5D4F864
:10D3A800841041F00101C4F88410996941F40071B6
:10D3B8009961D20509D5D4F8842042F00802C4F84E
:10D3C80084209A6942F480729A61002301222046DF
:10D3D800A4F86230A4F86A30D4F8843043F010031B
:10D3E800C4F8843084F88120FEF734F910BDD4F8ED
:10D3F800841041F00401C4F88410996941F0400197
:10D408009961CAE7D4F8841041F08001C4F8841007
:10D41800996941F020019961B9E700BF90FCFFFFCD
:10D42800036819695A692DE9F04101EA02059F6804
:10D43800044690F8816005F0640CBCF1040F2FD00D
:10D4480005F04500012834D005F02600022800F038
:10D45800DF80280770D59A6917F4404FF6B242F07A
:10D4680008029A619A6942F010029A619A6942F434
:10D4780000629A611A6922F008021A6123D0042E08
:10D4880000F0DE80A26FD269EAB1032E50D0E26FBD
:10D49800D269C2B1052E14D12046FEF779F810E002
:10D4A800436F9847236F2046984705F04503012BA3
:10D4B80002D1236F2046984705F02605022D00F07B
:10D4C800A780BDE8F0819A6812F4404F1FD1B4F8E4
:10D4D8006A2092B2DAB1626E0EE01B6B42F8043B2E
:10D4E8006266B4F86A30013B9BB2A4F86A30B4F8BB
:10D4F8006A309BB25BB12368E1680F29EDD8072930
:10D5080040F292801B8E22F8023B6266E9E72046D1
:10D51800FFF71EFB012384F88130D4F88430002BF8
:10D528007FD1052EB8D0042E00F08F80032EC8D1ED
:10D538002046FDF769FFC4E7100501D50A077AD42C
:10D5480015F4587FBDD06E0609D5D4F8842042F072
:10D558000402C4F884209A6942F040029A61A8053E
:10D5680009D5D4F8842042F00102C4F884209A69CD
:10D5780042F400729A61E90509D5D4F8842042F092
:10D588000802C4F884209A6942F480729A61AA0653
:10D5980009D5D4F8842042F08002C4F884209A691E
:10D5A80042F020029A61D4F88420002A89D01968B0
:10D5B80007F44047274A21F00101B7F5404F1960A9
:10D5C800196902EA01021A6127D19A68E06F22F408
:10D5D80040429A6050B1204B0365F6F733FF28B1FB
:10D5E800D4F8843043F04003C4F88430A06F002896
:10D5F8003FF467AF184B0365F6F724FF00283FF4A4
:10D6080060AFD4F8843043F04003C4F8843058E75E
:10D61800636F2046BDE8F04118470123204684F88F
:10D628008130FEF717F84CE793F830301370626ECC
:10D638000132626655E79A6942F400629A6140E7EE
:10D64800E26FD269002A3FF43EAF2046FDF73EFF65
:10D6580037E700BF94FCFFFF65D6000808B5806B6C
:10D6680000230122A0F86A30A0F8623080F88120F7
:10D67800FDF7F0FF08BD00BF90F88100704700BFBC
:10D68800002800F08F8038B590F83D30044603F04C
:10D69800FF02002B60D0226802234349B2F1804F79
:10D6A80084F83D30A2EB01011368B1FA81F14FEA29
:10D6B800511127D031BB3D483D4D824251D000F534
:10D6C800806082424DD0551B00F58060B5FA85F523
:10D6D80082424FEA55154DD0002D4BD13548364979
:10D6E8008A4218BF82424FD001F580618A424BD0EE
:10D6F800A06923F08003E168034313606368D16283
:10D70800936223E02A4D23F07003A068551B03435E
:10D71800B5FA85F56D09206923F440730343A069C0
:10D7280023F0800303431360E368D3626368936262
:10D7380051B94DB91F49204B9A4218BF8A4203D0AC
:10D7480003F580639A4201D16369136301230020C2
:10D75800536184F83D3038BD80F83C20FEF7B6F8B8
:10D7680099E7551B23F07003A068B5FA85F50343C4
:10D778006D09D0E7A06823F0700303430F48824285
:10D78800C9D0002DC7D1A9E7206923F44073A16946
:10D798000343E06823F080030B4361681360D062A1
:10D7A8009162C7E701207047000001400004004073
:10D7B800000401400040014000440140000C0040CA
:10D7C8004FF0020C01680A4A034680F83DC0886899
:10D7D8000240062A06D0B2F5803F03D00A6842F01C
:10D7E80001020A600122002083F83D20704700BF33
:10D7F800070001000368094AD96841F00101D960AE
:10D8080099680A40062A06D0B2F5803F03D01A6804
:10D8180042F001021A600020704700BF07000100B3
:10D8280090F83C30012B7DD002460223006830B4CA
:10D83800012482F83D3082F83C40544C83681C40F7
:10D848000B68602B84606FD01DD9B3F5005F59D089
:10D8580042D94F498B4206D038D94E498B4202D023
:10D8680010318B4206D184684B4921400B4343F069
:10D878000703836000230121184682F83D1082F8CF
:10D888003C3030BC7047402B67D019D9502BF1D1B0
:10D89800036A4C68CD6823F00A03016A1C433E4BB7
:10D8A80021F001010162816921F0F00141EA0511CD
:10D8B8008161046281680B4043F057038360D9E7B4
:10D8C800202BD0D01AD9302BD4D1CCE723F010019B
:10D8D800B1F5801FCED1C6E7702BCBD18468D1E9D2
:10D8E80001532B43CD6824F47F4143EA05230B43BE
:10D8F8008360836843F077038360BBE733F01001EC
:10D90800B8D1B0E7D1E9015384682B43CD6824F43A
:10D918007F4143EA05230B438360836843F48043D4
:10D928008360A7E702207047046A4D6824F010045A
:10D93800C9680462836923F4704343EA0133016AC6
:10D9480021F0A0018361144B41EA0511016281684D
:10D958000B4043F0670383608CE7036A4C68CD682B
:10D9680023F00A03016A1C430B4B21F001010162F9
:10D97800816921F0F00141EA051181610462816841
:10D988000B4043F04703836074E700BF8800CEFF75
:10D9980020001000300010008FFFCFFF704700BF3D
:10D9A800704700BF704700BF704700BF03681A691F
:10D9B800910710B5044602D5DA68920768D41A6947
:10D9C800520702D5DA6850074FD41A69110702D5F1
:10D9D800DA68120737D41A69D00602D5DA68D10690
:10D9E8001ED41A69D20702D5DA68D00769D41A6931
:10D9F800110602D5DA6812066BD41A69D00502D569
:10DA0800DA6811066DD41A69520602D5DA6850062A
:10DA18006FD41A69910602D5DA68920649D410BD06
:10DA28006FF010010822204619612277DB6913F490
:10DA3800407F6FD1FFF7B2FF2046FFF7B3FF002208
:10DA480023682277CDE76FF0080104222046196188
:10DA58002277DB699B075AD1FFF7A0FF2046FFF723
:10DA6800A1FF002223682277B5E76FF004010222A4
:10DA78002046196122779B6913F4407F44D1FFF750
:10DA88008DFF2046FFF78EFF0022236822779CE750
:10DA98006FF002010122196102779B69990730D161
:10DAA800FFF77CFF2046FFF77DFF002223682277DF
:10DAB80085E76FF0200220461A61BDE8104000F0AB
:10DAC8005FB86FF0010220461A61FDF7EFFF236887
:10DAD8008DE76FF0800220461A6100F053F8236842
:10DAE8008BE76FF4807220461A6100F04DF82368C6
:10DAF80089E76FF0400220461A61FFF755FF236857
:10DB080087E7FFF74DFFD0E7FFF74AFFBCE7FFF7CE
:10DB180047FFA6E7FFF744FF91E700BF90F83C20D6
:10DB2800012A28D003460068022230B4134D83F836
:10DB38003D20A8424268846818D005F58065A8424F
:10DB480014D024F0800C22F070020C6889682243FB
:10DB580000244CEA01014FF0010C4260816020462C
:10DB680083F83DC083F83C4030BC704722F4700213
:10DB78004D682A43E5E70220704700BF00000140D6
:10DB8800704700BF704700BF704700BFF8B5D0F8B6
:10DB98008070202F44D1002940D0B2FA82F676094D
:10DBA800002A3BD0044690F87C00012838D0012593
:10DBB8002123606FA4F856202165C4F88860A4F872
:10DBC800542084F87C50C4F88030D8B1DFF854C0B1
:10DBD80013462268C0F83CC0DFF84CC028320665FE
:10DBE800C0F840C0DFF844C0C0F84CC0F6F70AFBE4
:10DBF80040B11023284684F87C60C4F88830C4F803
:10DC08008070F8BD2368002240211046196284F80C
:10DC18007C209A6842F080029A60F8BD0120F8BD25
:10DC28000220F8BDE5DC000815DD000865DD000808
:10DC3800F8B5D0F88470202F48D1002944D0B2FA22
:10DC480082F67609002A3FD090F87C300446012BF2
:10DC58003CD001252223C0F888608165A0F85C20AB
:10DC680080F87C50C0F88430806FE0B1DFF860C085
:10DC780013460A462168C0F83CC0DFF858C0243172
:10DC88000665C0F840C0DFF850C0C0F84CC0F6F7D1
:10DC9800B9FA40B11023284684F87C60C4F888306B
:10DCA800C4F88070F8BD2368002084F87C001A68E6
:10DCB80042F480721A609A6842F001029A609A6887
:10DCC80042F040029A60F8BD0120F8BD0220F8BD7C
:10DCD80021DD000859DD000865DD000808B5C369C5
:10DCE800806BB3F5807F0CD003680022A0F8562023
:10DCF8009A6822F080029A601A6842F040021A601C
:10DD080008BDFEF715FD08BD704700BF806B08B55C
:10DD1800FFF7FAFF08BD00BF08B5C369806BB3F50C
:10DD2800807F12D0036800222021A0F85E201A68A4
:10DD380022F480721A609A6822F001029A609A6846
:10DD480022F040029A60C0F88410FEF7F5FC08BD86
:10DD5800806B08B5FEF73AFD08BD00BF806B38B58B
:10DD68000368D0F88040D0F884109A68150601D569
:10DD7800212C1DD09A68520601D5222908D0D0F846
:10DD8800883043F01003C0F88830FEF767FD38BDCF
:10DD980000240F4A2025A0F85E40196821F49071EC
:10DDA800196099680A409A60C0F88450C466E6E72A
:10DDB80000222024A0F856201A6822F0C0021A6017
:10DDC8009A6822F400029A60C0F88040D2E700BF47
:10DDD800FEFFFFEF0268D36970B51E071568044699
:10DDE800916800F084806C4805F4907C08405CEAF7
:10DDF80000061DD1D80202D54E0200F19D801806FA
:10DE080006D501F4000105F08000014340F08C8044
:10DE18005E0602D5680600F19B80190202D56A00E9
:10DE280000F1A380DB0102D5002DC0F2AA8070BDED
:10DE3800DE0709D5EE0507D501261662D4F88860F5
:10DE480046F00106C4F888609E0760D5CE0709D55C
:10DE580002261662D4F8886046F00406C4F8886082
:10DE68005E0758D41E070CD505F0200C5CEA0000AC
:10DE780007D008201062D4F8880040F00800C4F8E1
:10DE88008800D4F888000028D1D09E0606D505F071
:10DE9800200501F0805155EA01036BD1D4F8885070
:10DEA800936805F0080503F040031D436ED0116820
:10DEB80020203A4B21F49071116091680B400021A9
:10DEC8009360C4F884009368E1665D063CD5936866
:10DED800A06F23F040039360002835D0304B0365D2
:10DEE800F6F7B0FA0028A2D0A06F036D0CE09E06EA
:10DEF80080D505F0200C01F0805E5CEA0E063FF448
:10DF080079AFC36E002B92D0BDE8704018475E070A
:10DF1800A8D5CE07A6D504261662D4F8886046F0A0
:10DF28000206C4F888609DE7236F002B3FF47FAF9B
:10DF38002046BDE8704018474FF48013204613620E
:10DF4800BDE8704001F068BB2046FEF787FC70BD55
:10DF580013682020002123F040031360C4F88000D8
:10DF680020462167FEF7E4FB70BD2046BDE87040FF
:10DF780001F056BBE36E002B90D0204698472268EC
:10DF88008CE72046BDE8704001F048BB2046FEF70C
:10DF980065FCC4F8885070BD01000010FEFFFFEF5B
:10DFA800ADDF000808B5806B0023A0F85E30A0F84C
:10DFB8005630FEF753FC08BDD0F88020D0F8840016
:10DFC80010437047F0B58268044687B02368D0E9EB
:10DFD80004101D680A43616E0243E06902430A4364
:10DFE800A8492940A84D0A43E168AB421A605A681B
:10DFF80022F4405242EA0102A1695A6000F09D8071
:10E00800226A9D681143A14A666A2A4011439960B1
:10E01800DA6A22F00F023243DA629D4A934224D030
:10E028009C4A934255D09C4A934200F02F829B4AC7
:10E03800934200F09B829A4A934200F0E980994A01
:10E04800934200F09D82984A934200F0D885974AFF
:10E05800934200F0D682012500234FF00112284692
:10E068002367C4E91A2307B0F0BD914B5B6D03F039
:10E078003803282BEFD88F4AD55CB0F5004F33D042
:10E08800202D00F2D981202D00F2B680DFE815F0AE
:10E09800A8017B01B400B4007201B400B400B4005C
:10E0A8004901B400B400B400B400B400B400B40032
:10E0B8001C01B400B400B400B400B400B400B4004F
:10E0C800B400B400B400B400B400B400B400B400A8
:10E0D800CA00774B5B6D03F00703052BBBD8764A64
:10E0E800B0F5004FD55CCBD1202D00F21482202D45
:10E0F80000F20082DFE815F08A035804FE01FE01F1
:10E108002804FE01FE01FE018604FE01FE01FE0157
:10E11800FE01FE01FE01FE01F203FE01FE01FE0109
:10E12800FE01FE01FE01FE01FE01FE01FE01FE01EF
:10E13800FE01FE01FE01FE01B7039868534A024042
:10E148005B480A439A60DA6A616A22F00F020A435E
:10E15800DA62836D03F00703052B3FF67CAF574A5D
:10E16800D65C202E00F29C81012E7FF674AFB31E80
:10E178001E2B3FF670AF01A252F823F03BE70008D0
:10E188005FE00008E5E600085FE000085FE00008DF
:10E198005FE00008AFE700085FE000085FE0000804
:10E1A8005FE000085FE000085FE000085FE000084B
:10E1B8005FE000084FE700085FE000085FE0000844
:10E1C8005FE000085FE000085FE000085FE000082B
:10E1D8005FE000085FE000085FE000085FE000081B
:10E1E8005FE000085FE000085FE000085FE000080B
:10E1F8005FE00008C5E7000801250023A3F110012E
:10E208004FF6EF7291423FF626AF2268D36023E7BC
:10E21800274B5B6D03F00703052B3FF61CAF284A1D
:10E22800D55C2AE7002E00F0B581012E00F09E850E
:10E23800022E00F0B185032E00F0D885042E00F0E0
:10E24800F485052E00F08486062E00F0BE86072E83
:10E2580000F0FD86082E00F05087092E00F07B871D
:10E268000A2E00F0DC8743F60953164A0B2E18BF16
:10E2780013466268002503EB5203B3FBF2F39BB22B
:10E28800BCE700BFF369FFCF000C0058FFF4FF1193
:10E29800001001400044004000480040004C00408D
:10E2A800005000400014014000780040007C00400D
:10E2B80000440258F4F7000820F8000828F800087D
:10E2C80020F8000800093D00B34B1A68920640F197
:10E2D8006F811A68B14BC2F3C102D340002EC8D077
:10E2E800012E00F0EF81022E00F0C584032E00F00D
:10E2F800BF84042E00F02B85052E00F09D86062E87
:10E3080000F0DC86072E00F01C86082E00F04E86F2
:10E31800092E00F08E860A2E00F0E3860B2EA8D177
:10E3280026E003A8FAF778FA626A049B002AA0D0CC
:10E33800012A00F0C781022A00F09D84032A00F018
:10E348009784042A00F00385052A00F0FD84062A34
:10E3580000F07E85072A00F0F485082A00F026865A
:10E36800092A00F066860A2A00F0BB860B2A80D1AB
:10E378001B0A7EE76846FAF791F9626A019B002A50
:10E388003FF477AFD4E7F9F729FB636A03B3012BAE
:10E3980000F0F384022B00F0CE84032B00F0C88435
:10E3A800042B00F01785052B00F01185062B00F0D3
:10E3B8000686072B00F04886082B00F09B86092B61
:10E3C80000F0E1860A2B00F03B870B2B08BF000A00
:10E3D8006268002500EB5203B3FBF2F39BB20DE732
:10E3E800F9F7E0FA636A03B3012B00F0C984022B42
:10E3F80000F0A784032B00F0A184042B00F0E48430
:10E40800052B00F0DE84062B00F0E685072B00F0D4
:10E418003686082B00F08786092B00F0B1860A2B78
:10E4280000F0FA860B2B08BF000A626800EB520363
:10E43800B3FBF2F39BB2E1E6402D7FF40CAE002E65
:10E4480000F0DC80012E00F09484022E00F0A784F6
:10E45800032E00F0C784042E00F0EC84052E00F093
:10E468007A85062E00F0B485072E00F0FE85082E6A
:10E4780000F04986092E00F08B860A2E00F02987C5
:10E488000B2E0CBF80234FF40043F2E6424B5B6D2A
:10E4980003F00703052B3FF6DEAD414AD55CECE5FA
:10E4A800402E7FF4D8AD002900F0B580012900F096
:10E4B8006E84022900F08284032900F0AF840429C5
:10E4C80000F03B85052900F06985062900F0AD8537
:10E4D800072900F0EF85082900F03686092900F0A1
:10E4E8005B860A2900F0F9860B290CBF80254FF4BA
:10E4F800004592E001250023A3F110014FF6EF72C9
:10E5080091423FF6A8AD23F00F02C3F34203134331
:10E518002268D360A0E5402D7FF49DAD002E00F069
:10E52800D380012E00F0D280022E00F06D84032EDD
:10E5380000F0F484042E00F02585052E00F068858F
:10E54800062E00F0C285072E00F01086082E00F077
:10E558004886092E00F059860A2E00F0EC860B2E0C
:10E568000CBF4FF480704FF48030AFE00A4B5B6D06
:10E5780003F00703052B3FF66EAD0A4AD55C7CE530
:10E58800054B5B6D03F03803282B3FF664AD064A54
:10E59800D55C72E5054B6CE6004402580090D00348
:10E5A80020F8000820F80008F4F7000800093D00EA
:10E5B800002E00F0BA83012E00F0FD83022E00F039
:10E5C8002A84032E00F0B684042E00F0E484052E7D
:10E5D80000F02885062E00F08785072EDAD0082E51
:10E5E80000F0C483092E00F0D7830A2E00F01D84A2
:10E5F800B44BB54A0B2E18BF13463AE64FF4004306
:10E6080037E6B24B5B6D03F00703052B3FF623ADEE
:10E61800AF4AD55C31E54FF40045676807EB47031F
:10E62800AB423FF618ADB5EB073F3FF614AD202ED1
:10E6380000F2F082012E7FF60EAD023E1E2E3FF64E
:10E648000AAD01A353F826F08DEB00085FE000083F
:10E6580063EB00085FE000085FE000085FE0000887
:10E6680001EB00085FE000085FE000085FE00008D9
:10E678005FE000085FE000085FE000085FE0000876
:10E6880095EA00085FE000085FE000085FE0000826
:10E698005FE000085FE000085FE000085FE0000856
:10E6A8005FE000085FE000085FE000085FE0000846
:10E6B8005FE000085FE000085FE000085FE0000836
:10E6C8001DEA00085B08D4E54FF480306268002535
:10E6D80000EB5203B3FBF2F39BB20DE76846F9F780
:10E6E800DDFF636A019D03B3012B00F0CF82022B8B
:10E6F80000F0C782032B00F0C182042B00F02F83A7
:10E70800052B00F02983062B00F09883072B00F0D7
:10E718002684082B00F04D84092B00F09B840A2BDB
:10E7280000F0FB840B2B00F06582002D3FF494ACC5
:10E7380073E7F9F7A1FF636A0546002BD4D1002DD2
:10E748003FF48AAC69E7614B1A68950640F1A582E7
:10E758001B685D4DC3F3C103DD4000293FF45DAF85
:10E76800012900F04D83022900F04683032900F0B7
:10E778004083042900F04584052900F08384062994
:10E7880000F0D484072900F02085082900F04F857F
:10E79800092900F0F9850A2900F0FD850B297FF485
:10E7A8003CAF2D0A39E703A8FAF736F8636A049DE7
:10E7B800002B99D1002D3FF44FAC2EE7002900F033
:10E7C8006A82012900F0DF82022900F0F28203291F
:10E7D80000F02883042900F0AA83052900F0D883D3
:10E7E800062900F02E84072900F06184082900F02A
:10E7F800AF84092900F0EF840A2900F0148543F654
:10E808000955344B0B2918BF1D4606E7F9F7CAF816
:10E81800636A03B3012B00F0CA82022B00F0F7826F
:10E82800032B00F07F83042B00F0B083052B00F04E
:10E83800EB83062B00F05084072B00F09E84082BF6
:10E8480000F0B984092B00F0E4840A2B00F07085ED
:10E858000B2B08BF000A61684A0802EB4003B3FBB0
:10E86800F1F39BB248E6002E00F03A82012E00F048
:10E878009A82022E00F0C682032E00F04D83042EE9
:10E8880000F07E83052E00F0BA83062E00F0218466
:10E89800072E00F06F84082E00F08284092E00F005
:10E8A800CC840A2E00F06C8547F612230A4A0B2EF8
:10E8B80018BF13466268002503EB5203B3FBF2F35B
:10E8C8009BB219E690D003000090D0030044025890
:10E8D80020F8000800093D0000127A00A44B1A68CD
:10E8E800910640F1FF811A68A24BC2F3C10223FAD4
:10E8F80002F206B3012E00F0B182022E00F0378337
:10E90800032E00F06F83042E00F0C683052E00F05E
:10E918000084062E00F06F84072E00F07184082E04
:10E9280000F00385092E00F03C850A2E00F036859C
:10E938000B2E08BF120A616800254B0803EB42033F
:10E94800B3FBF1F39BB2D7E56846F9F7A7FE626A15
:10E95800019902B3012A00F00782022A00F01A8204
:10E96800032A00F03A82042A00F06282052A00F0A5
:10E97800EB82062A00F01683072A00F07483082A1F
:10E9880000F0A183092A00F001840A2A00F05B84C0
:10E998000B2A08BF090A62680025530803EB4103E4
:10E9A800B3FBF2F39BB2A7E5F9F718F8636A03B370
:10E9B800012B00F0FA81022B00F02B82032B00F0D0
:10E9C8008382042B00F0DA82052B00F02583062BC6
:10E9D80000F06983072B00F0C283082B00F0EE8358
:10E9E800092B00F07E840A2B00F08D840B2B08BFC6
:10E9F800000A616800254A0802EB4003B3FBF1F303
:10EA08009BB279E503A8F9F707FF626A0499002A1F
:10EA1800C1D09FE7616A002900F05482012900F003
:10EA28001F83022900F08B83032900F0BF83042988
:10EA380000F00084052900F0AA84062900F08E84DD
:10EA4800072900F08784082900F0E584092900F0E7
:10EA5800DE840A2900F0A8844748484B0B2918BFD0
:10EA6800184600217B083A4618184FF0000341F178
:10EA78000001F1F72DFCA0F54073414A93423FF69F
:10EA8800EAAA23680025D860FFF7E6BA384A116871
:10EA980011F0200100F0E781136800213548C3F325
:10EAA800C103D840636A0BB3012B00F04B83022BE0
:10EAB80000F07F83032B00F00584042B00F05D84B5
:10EAC800052B00F02C84062B00F0A984072B00F0FE
:10EAD800B484082B00F0AD84092B00F094840A2B31
:10EAE80000F08D840B2B01D1000A002109020302DA
:10EAF80041EA10617808B6E703A8F9F78DFE049893
:10EB0800636A002102460BB3012B00F03582022B09
:10EB180000F08682032B00F0C182042B00F02183D1
:10EB2800052B00F04D83062B00F09083072B00F097
:10EB38002184082B00F00B84092B00F004840A2B95
:10EB480000F052840B2B01D1100A002162680902DF
:10EB5800030241EA1061500886E76846F9F79EFD0E
:10EB68000198636A00210246002BEFD0CCE700BF72
:10EB7800004402580090D00300093D000000093D00
:10EB8800FFFC0F00F9F778FD626A002103460AB31B
:10EB9800012A00F06E82022A00F0B982032A00F0EE
:10EBA8002483042A00F09383052A00F0A683062A0A
:10EBB80000F0DA83072A00F0D583082A00F01C84C5
:10EBC800092A00F015840A2A00F02F840B2A01D1A3
:10EBD800030A002162680902180241EA1361530816
:10EBE800C0184FF0000341F10001F1F771FBA0F5E7
:10EBF800407342E72D0A002D3FF42EAA0DE5B54BD0
:10EC08005B6D03F00703052B3FF625AAB24AD55CD6
:10EC1800FFF733BA402E7FF41EAA616A002900F07C
:10EC28004E81012900F02782022900F084820329FD
:10EC380000F0CE82042900F05783052900F059839B
:10EC4800062900F06883072900F06083082900F08E
:10EC5800B783092900F0AF830A2900F0C0830B2984
:10EC68004FF000010CBF4FF400404FF40000F9E6EC
:10EC78009A4AA2FB03239B08FFF7FBBA974BA3FB17
:10EC88000535AD08002D3FF4E7A9C6E46D08002D51
:10EC98003FF4E2A9C1E4924DBFE400295AD001290A
:10ECA80000F0AC80022900F0DB80032900F06181CC
:10ECB800042900F0A181052900F0EB81062900F064
:10ECC80016820729E7D008295DD0092971D00A29B9
:10ECD80000F02D81834D844B0B2918BF1D469CE401
:10ECE800824BE7E5002E50D0012E00F0AF80022EB7
:10ECF80000F03B81032E00F07A81042E00F0C781DA
:10ED0800052E00F0FD81062E00F04D82072EE7D07B
:10ED1800082E48D0092E75D00A2E00F03181744B88
:10ED2800744A0B2E18BF1346C4E56F4BFFF7A1BA00
:10ED38006A4BA3FB00308008FFF74ABB674BA3FB75
:10ED480000308008FFF771BB6B4AA2FB0323DB0886
:10ED5800FFF78FBA644D60E4674BA3FB0535ED08F8
:10ED6800002D3FF479A958E4490814E6634BFFF7EE
:10ED780080BA4FF48043FFF77CBA4008FFF728BBFE
:10ED88004008FFF752BB5D4D47E45A4B92E54FF4FC
:10ED9800804542E48908FEE5594BFFF76ABA4FF40B
:10EDA8000053FFF766BA4E4B84E5400821E6400859
:10EDB80051E5534D31E4534BFFF75BBA4FF400551F
:10EDC8002BE44D4BA3FB0030C008FFF72EBB4A4B8A
:10EDD800A3FB0030C008FFF7FBBA404BA3FB01239D
:10EDE8009908D8E541F25553FFF743BA464BFFF768
:10EDF80040BA3A4BA3FB0535AD080EE4414D0CE48F
:10EE08006D080AE43D4B55E54FF480405EE4800808
:10EE180021E58008EDE53D4BFFF72BBA41F255554A
:10EE2800FFF7FBBB384DFFF7F8BB314BFFF721BAB3
:10EE3800C908B0E54FF48053FFF71BBA0C23B5FBA4
:10EE4800F3F5002D3FF408A9FFF7E7BB264B31E5A2
:10EE5800224AA2FB0323DB08FFF70BBA52086AE534
:10EE68002A4DFFF7DABB626A002A00F0C280012A45
:10EE780000F07981022A00F0B281032A00F0C381F0
:10EE8800042A00F05E82052A00F05982062A00F062
:10EE98009E82072A00F09982082A00F09D82092A9A
:10EEA80000F097820A2A00F083820B2A184A0E4B38
:10EEB8000EBF00210321134678083A4690E64FF426
:10EEC8000000CFE51348CDE5044BA3FB00239808C9
:10EED8008FE500BF0044025820F80008ABAAAAAA90
:10EEE80000093D0090D003000090D00300127A0082
:10EEF80020A107000020A107CDCCCCCC80841E0027
:10EF080040420F000048E8012A2C0A000024F400BF
:10EF1800000090D00000093DCF4BCBE442F6AA2078
:10EF2800FFF7D4BBCD4BA3FB0023980893E4CC4D4B
:10EF3800FFF773BBCB4BFFF79CB94FF48055FFF736
:10EF48006CBB1B09FFF795B90A23B1FBF3F122E566
:10EF5800C54BFFF78EB940F6CC43FFF78AB92D09A8
:10EF6800002D3FF479A8FFF758BBC04BA2E49208E4
:10EF7800E1E4BC4DFFF751BB4008E7E5C00838E5C0
:10EF8800BB4B97E44FF40050FFF7A0BBC00862E406
:10EF9800B54DFFF742BBB74BFFF76BB940F6CC4511
:10EFA800FFF73BBB0C23B1FBF3F1F4E45B09FFF77C
:10EFB80060B96D09002D3FF44FA8FFF72EBBA74B92
:10EFC800A3FB0030C008FFF703BAAB4BFFF751B9FA
:10EFD80040F6AA23FFF74DB9A04BA3FB0030C008A9
:10EFE800FFF723BA9D4BA3FB02239A08A3E4A34B84
:10EFF80060E4A34B03215FE79E4DFFF70EBBA14BD7
:10F0080058E4ED08FFF709BB0A23B0FBF3F022E44C
:10F0180041F69810FFF75ABB0A23B0FBF3F0E8E477
:10F02800800893E5984BFFF724B940F6AA25FFF727
:10F03800F4BA9B09FFF71DB90A22B3FBF2F3FFF7F5
:10F0480018B98D4DFFF7E9BA0009FFF7C1B98F4B21
:10F05800FFF70FB9AD09002D3EF4FEAFFFF7DDBA9B
:10F068008B480021FEE4090995E44FF40063FFF79B
:10F0780000B94308AEE54FF480000021F2E400092E
:10F08800FFF7D3B90A23B5FBF3F5FFF7C6BA814BEF
:10F0980010E47D4DFFF7C1BAD2084CE406220023E4
:10F0A800F1F716F952E50C23B0FBF3F0A1E4774D24
:10F0B800FFF7B3BA4FF40065FFF7AFBA0C22B3FB02
:10F0C800F2F3FFF7D6B8490965E441F25450FFF767
:10F0D800FDBA714BFFF7EEBB0C23B0FBF3F0FFF763
:10F0E800BABBDB09FFF7C5B86C4BFFF7C2B86B4D6D
:10F0F800FFF793BA4009FFF76BB9694BFFF7B9B847
:10F10800684BFFF7D7BB4FF48063FFF7B2B88308AB
:10F1180060E50A23B2FBF3F20DE4ED09002D3EF49D
:10F128009BAFFFF77ABA4009FFF77FB90C23B5FB0D
:10F13800F3F5FFF772BA4FF40010002192E45A4831
:10F1480000218FE44008D1E44FF48065FFF765BAE9
:10F15800534DFFF762BA4FF22443FFF78AB800090C
:10F1680047E4C008F2E4514B1146A5E64FF480503D
:10F17800FFF7ACBA3A4BFFF79DBB0009FFF76BBB33
:10F188008009FFF752B98009FFF722B9890902E41B
:10F198004FF40073FFF76DB84FF40075FFF73DBAF1
:10F1A8003A4BFFF787BB2F4BFFF784BB4048002142
:10F1B80058E480089AE44009FFF74DBB400918E479
:10F1C8000A220023F1F784F8C0E42D09FFF725BAD5
:10F1D8003848002146E44FF22445FFF71EBA364B63
:10F1E8006AE64FF40060FFF771BA00230622F1F7D0
:10F1F8006FF80346EEE40C23B2FBF3F2FFF79BBB78
:10F208001209FFF798BB2D4B56E64FF48060FFF7C5
:10F218005DBA8009FFF71FBBC009FFF706B947F6BB
:10F228001223FFF726B847F61225FFF7F6B96D093E
:10F23800FFF7F3B92248002114E4194BFFF73ABB52
:10F24800C009FFF7C5B8C909FFF7A5BB0C22002301
:10F25800F1F73EF87AE400BF54581400ABAAAAAA02
:10F2680020A10700AAC2A200801A06000048E801EF
:10F2780040420F0000127A0015160500548545011A
:10F28800000090D000350C0000A8610090D0030069
:10F298000080841E0024F4002A2C0A0055615100C5
:10F2A80048E801000050C3000040420F000048E851
:10F2B800002A2C0A00551500000024F400AAC2A256
:10F2C8000020A10706220023F1F702F80EE4C30884
:10F2D80080E44FF48073FEF7CCBF4FF48075FFF7DE
:10F2E8009CB98009FFF785BB4FF480100021FFF718
:10F2F800B9BB53480021FFF7B5BB00230A22F0F73A
:10F30800E7FF034666E4C009FFF773BB4FF400202C
:10F318000021FFF7A7BB4B480021FFF7A3BB0A2238
:10F328000023F0F7D5FFFFF7E1BB5209FFF703BB56
:10F33800C009FFF790BA4FF40070FFF7C7B9424B06
:10F34800BAE5424BB8E590090021FFF7FFBB400939
:10F35800FFF7FCBB3E480021FFF784BB3D48002176
:10F36800FFF780BB030935E400230C22F0F7B0FF58
:10F3780003462FE40009FFF7E9BBC008FFF7B6BB57
:10F388004FF22443FFF796BAAD09FFF746B9324862
:10F398000021FFF767BBED09FFF73FB9D209FFF777
:10F3A800CABA9209FFF7C7BA2C480021FFF75ABB1F
:10F3B8002B4B002180E54FF400300021FFF752BBB2
:10F3C8004FF480200021FFF74DBB264B74E5264BF8
:10F3D80072E5264B00216FE5254B00216CE54FF4C3
:10F3E80080300021FFF73EBBD0090021FFF7AEBBFC
:10F3F80083090021FFF7EEBB4309FFF7EBBBC00908
:10F408000021FFF773BB80090021FFF76FBB194884
:10F418000021FFF727BB18480021FFF723BB0C2268
:10F428000023F0F755FFFFF761BBC3090021FFF781
:10F43800D1BB40090021FFF759BB0009FFF756BBB4
:10F4480000CC0C0000AA0A000000A8610000127A93
:10F458000090D0030015160500801A0600127A00E5
:10F468000020A1070000093D005561510040420FEE
:10F478000080841E0024F4000048E801836ADA074B
:10F4880010B406D50168C46A4A6822F400322243DF
:10F498004A609C0706D50168046B4A6822F48032EA
:10F4A80022434A60590706D50168446B4A6822F42A
:10F4B800802222434A601A0706D50168846B4A688D
:10F4C80022F4004222434A60DC0606D50168C46B78
:10F4D8008A6822F4805222438A60990606D5016818
:10F4E800046C8A6822F4005222438A605A060AD5BC
:10F4F8000168446C4A68B4F5801F22F4801242EA1D
:10F5080004024A600BD01B0606D50268C16C53681A
:10F5180023F400230B4353605DF8044B70474A689B
:10F52800846C22F4C00222434A60ECE7002370B5E1
:10F538000446C0F88830F4F7C5FA054623681A6807
:10F5480011070CD41A68520725D420220023C4F8C6
:10F5580080201846C4F8842084F87C3070BDDE69A9
:10F5680016F40016EED1F4F7ADFA431BB3F1007FA1
:10F578002368F4D31A682021032022F4D0721A6079
:10F588009A6822F001029A60C4F8801084F87C60BE
:10F59800C4F8841070BDDE6916F48006D5D1F4F77E
:10F5A80091FA431BB3F1007F2368F4D3E2E700BF6D
:10F5B80080B3D0F8803010B5044633B322682423D2
:10F5C8002046C4F88030136823F001031360FEF767
:10F5D800F9FC012817D0A36A8BB9236820465A681A
:10F5E80022F490425A609A6822F02A029A601A68B5
:10F5F80042F00102BDE810401A60FFF797BF2046AD
:10F60800FFF73CFFE9E7012010BD80F87C30FCF7EC
:10F61800EDFDD3E701207047704700BF704700BF7A
:10F62800704700BF0B460146184600F001B80000BD
:10F6380010B5054C13462CB10A4601460220AFF31B
:10F64800008010BD2046FCE70000000070B50D4D9D
:10F658000D4C641BA4100026A64209D10B4D0C4C7E
:10F6680000F0E2F8641BA4100026A64205D170BD84
:10F6780055F8043B98470136EEE755F8043B9847A0
:10F688000136F2E750F8000850F8000850F8000872
:10F6980074F800080A44914200F1FF3300D1704722
:10F6A80010B511F8014B03F8014F9142F9D110BD83
:10F6B80002440346934200D1704703F8011BF9E75F
:10F6C8000054004000580040005C0040001C0058F6
:10F6D800000000400004004000080040000C00400A
:10F6E800250026002700340035004700520053004B
:10F6F8008E0000000002030000000000010000006E
:10F70800000000000000FA4500007A460000FA46B2
:10F7180000803B470080BB47000000000102030453
:10F72800010203040607080900020102000201029F
:10F7380001000200040008001000200040008000C2
:10F7480000010002000400080010002000400080B2
:10F75800000002580004025800080258000C025821
:10F76800001002580014025800180258001C0258D1
:10F778000020025800240258002802580000000007
:10F7880000061016000610160B00FF00A400002447
:10F798008C000024980000245C000024C800002489
:10F7A800B0000024BC00002468000024EC00002401
:10F7B800D4000024E000002474000024AC1D0024C0
:10F7C800941D0024A01D00247C1D0024D01D0024AD
:10F7D800B81D0024C41D0024881D00241001002425
:10F7E800F8000024040100248000002401808080A7
:10F7F80080808080048080808080808008808080F5
:10F8080080808080108080808080808020808080C0
:10F818008080808040000000000408102040000024
:10F828000204081020400000F8B500BFF8BC08BC6E
:10F838009E467047F8B500BFF8BC08BC9E467047A6
:08F84800C00AFF7F010000006F
:10F85000BD02000881060008B51B00080524000849
:10F860002D2A00080536000825B700081DBC000831
:04F870006DC8000857
:04F8740099020008ED
:10F878000000000010000000000000000000000070
:10F888000000000000000000000000001000000060
:10F898000000000000000000000000000000000060
:10F8A8000000000010000000000000000000000040
:10F8B8000000000000000000000000000090D003DD
:10F8C8000090D0030100000010000000060A0500A7
:10F8D8000405000000000000010C050104070109EF
:10F8E8000500000000040600000000000000000001
:10F8F80000040800000000000000000001040500EA
:10F9080006050609050000000105050007050000B9
:10F9180000000000060B05000505000000000000BF
:10F92800010E0502020500000000000002010501A9
:10F938000F05020305000000030305000000000096
:10F9480000000000020B0601040600000000000091
:10F95800020C06010507000000000000020A06006C
:10F968000000000000000000010408000608000074
:10F978000000000001050800070800000000000062
:10F988000005080000000000000000000000000062
:10F99800000000000000000000000000000000005F
:10F9A800000000000100000000000000000000004E
:10F9B800000000000000000000000000000000003F
:10F9C800010000000000000000000000000000002E
:10F9D800000000000000000000000000010000001E
:10F9E800000000000000000000000000000000000F
:10F9F80000000000000000000100000000000000FE
:10FA080000000000000000000000000000000000EE
:10FA180000000000010000000000000000000000DD
:10FA280000000000000000000000000000000000CE
:10FA380001000000000000000000000000000000BD
:10FA480000000000000000000000000001000000AD
:10FA5800000000000000000000000000000000009E
:10FA6800000000000000000001000000000000008D
:10FA7800000000000000000000000000000000007E
:10FA8800000000000100000000000000000000006D
:10FA9800000000000000000000000000000000005E
:10FAA800010000000000000000000000000000004D
:10FAB800000000000000000000000000010000003D
:10FAC800000000000000000000000000000000002E
:10FAD800000000000000000001000000000000001D
:10FAE800000000000000000000000000000000000E
:10FAF80000000000010000000107080000000000ED
:10FB080000000000010608000000000000000000DE
:10FB18000B00FF0034030024280300244C030024B6
:10FB2800400300246403002458030024F80200243E
:10FB3800EC0200241003002404030024A82E00244F
:10FB4800700300241C030024842E00249C2E00240F
:10FB5800902E002494020024880200240108080240
:10FB68000B08000108000000010908020A0800004B
:10FB780008000000010C0E03020801050E00000039
:10FB8800020C0801060E00000000000001040B0032
:10FB98000000000000000000010707010F0400003A
:10FBA80000000000010607010E040000000000002C
:10FBB800000307000000000000000000000207002A
:10FBC8000000000000000000020B07000000000019
:10FBD80000000000020A070000000000000000000A
:0CFBE800060907000000000000000000FB
:04000005080005E109
:00000001FF
